-- phpMyAdmin SQL Dump
-- version 5.2.0
-- https://www.phpmyadmin.net/
--
-- Hôte : 127.0.0.1
-- Généré le : dim. 22 oct. 2023 à 11:33
-- Version du serveur : 10.4.27-MariaDB
-- Version de PHP : 8.2.0

SET SQL_MODE = "NO_AUTO_VALUE_ON_ZERO";
START TRANSACTION;
SET time_zone = "+00:00";


/*!40101 SET @OLD_CHARACTER_SET_CLIENT=@@CHARACTER_SET_CLIENT */;
/*!40101 SET @OLD_CHARACTER_SET_RESULTS=@@CHARACTER_SET_RESULTS */;
/*!40101 SET @OLD_COLLATION_CONNECTION=@@COLLATION_CONNECTION */;
/*!40101 SET NAMES utf8mb4 */;

--
-- Base de données : `af_poo_mvc`
--

-- --------------------------------------------------------

--
-- Structure de la table `adresse`
--

CREATE TABLE `adresse` (
  `id` int(11) NOT NULL,
  `nom` varchar(255) NOT NULL,
  `rue` text NOT NULL,
  `codePostal` varchar(10) NOT NULL,
  `ville` varchar(100) NOT NULL,
  `clientId` int(11) NOT NULL
) ENGINE=InnoDB DEFAULT CHARSET=latin1 COLLATE=latin1_swedish_ci;

--
-- Déchargement des données de la table `adresse`
--

INSERT INTO `adresse` (`id`, `nom`, `rue`, `codePostal`, `ville`, `clientId`) VALUES
(1, 'Brekke Shoal', '9543 Brenna Mountain', 'utjj', 'West Barry', 103),
(2, 'Gail Shores', '7731 Adell Tunnel Suite 547', 'ravc', 'East Jodieborough', 634),
(3, 'Noemi Fort', '98155 Viviane Haven', 'ovgd', 'Port Jed', 785),
(4, 'Padberg Stream', '646 Constance Pass Apt. 153', 'carp', 'Cadenton', 165),
(5, 'Sawayn Squares', '74432 Wolf Glens', 'vder', 'New Deja', 438),
(6, 'Kutch Springs', '640 Corwin Park Apt. 208', 'avua', 'South Joshtown', 452),
(7, 'Pearline Spur', '172 Kub Fords', 'zvpf', 'Johnsonborough', 819),
(8, 'Wolf Lakes', '155 Marielle Circle Apt. 552', 'yvnh', 'New Helen', 167),
(9, 'Shields Parkway', '7806 Nina Loaf Suite 548', 'ycte', 'Oswaldburgh', 466),
(10, 'Jade Square', '809 Hegmann Pass', 'qaut', 'Lake Bobbie', 382),
(11, 'Kessler Mall', '23175 Padberg View Apt. 207', 'bohq', 'Port Melissa', 551),
(12, 'Mallie Union', '69834 Euna Inlet', 'xkqo', 'North Cathy', 119),
(13, 'Runolfsdottir Villages', '9180 Hermann Cliff', 'vhhp', 'Port Jordy', 306),
(14, 'Cummings Coves', '236 Noemy Fords', 'bkmw', 'West Ewellfort', 355),
(15, 'Schinner Parks', '174 Leann Park Apt. 295', 'duti', 'Lindton', 260),
(16, 'Beer Trail', '5718 Hessel Hills', 'rklq', 'New Leila', 507),
(17, 'Kay Stravenue', '789 Kyla Throughway Suite 046', 'mjhp', 'East Thea', 128),
(18, 'Wilson Forge', '8519 Zieme Isle Apt. 783', 'bmwc', 'Wizaborough', 920),
(19, 'Armstrong Meadow', '080 Wilderman Loop Apt. 381', 'rdqv', 'Kendraland', 236),
(20, 'Johnathan Mountains', '868 Kiehn Dale Suite 096', 'nwfd', 'South Rickborough', 468),
(21, 'Damon Tunnel', '6967 McDermott Land Apt. 108', 'ijmb', 'Port Lerahaven', 275),
(22, 'Ephraim Green', '930 Kohler Brooks Suite 821', 'ydhd', 'New Deonteview', 673),
(23, 'Block Curve', '4852 Bins Forges', 'yglq', 'Mikelland', 798),
(24, 'Howell Bridge', '07234 Magdalen Plain', 'mlgn', 'Casperton', 157),
(25, 'Dariana Bypass', '555 Tillman Street', 'qwio', 'Ollieton', 292),
(26, 'Weber Motorway', '5935 Emmerich Village', 'kedm', 'Garrisonburgh', 700),
(27, 'Norval Lock', '715 Eichmann Crossing', 'ldlz', 'Monahanfurt', 538),
(28, 'Lyla Plain', '7669 Caleigh Springs', 'hizl', 'Lake Novella', 287),
(29, 'Predovic Keys', '581 Kovacek Ville Suite 218', 'jjpo', 'Ziemefurt', 693),
(30, 'Emmanuel Dam', '36206 Gusikowski Well Apt. 956', 'lfqn', 'Mullerfurt', 542),
(31, 'Forrest Harbor', '2314 Funk Prairie Apt. 088', 'fvol', 'North Celestinohaven', 319),
(32, 'Witting Station', '50021 McGlynn Garden', 'afoi', 'Lake Derek', 795),
(33, 'Shanahan Cove', '0524 Abernathy Islands Apt. 792', 'wbpp', 'Granvillechester', 176),
(34, 'David Pike', '6292 Giuseppe Radial', 'dtnp', 'Ankundingborough', 103),
(35, 'Burley Circles', '324 Lorenza Shoals Apt. 084', 'haqm', 'Medhurstville', 960),
(36, 'Boehm Meadows', '3303 Rafael Village Suite 563', 'gsuq', 'South Vidaburgh', 613),
(37, 'Edwardo Place', '28990 Myah Forges', 'wkza', 'Bartolettiberg', 555),
(38, 'Shields Manors', '980 Ellsworth Ville', 'tttw', 'Stoltenbergview', 778),
(39, 'Adrien Points', '292 Schmidt Plaza', 'nmew', 'East Madie', 779),
(40, 'Adeline Ports', '476 Herta Springs', 'orwu', 'Ninatown', 20),
(41, 'Kozey Fork', '81063 Judson Drive Apt. 490', 'ankq', 'Shaniyaview', 160),
(42, 'Althea Summit', '8291 Von Keys', 'lqzl', 'Kimberlymouth', 330),
(43, 'Vergie Street', '586 Issac Lodge Apt. 146', 'tpca', 'Lake Maida', 139),
(44, 'Garrison Cove', '271 Stewart Lights', 'opxo', 'North Retha', 465),
(45, 'Predovic Squares', '9331 Daryl Alley Apt. 292', 'gjvu', 'Sydnieside', 684),
(46, 'Clarabelle Divide', '229 Moore Forks Suite 462', 'qxpl', 'Thurmanmouth', 399),
(47, 'Bert Summit', '028 Carlos Overpass Suite 982', 'pelb', 'Lake Reinhold', 972),
(48, 'Johnson Turnpike', '850 Vandervort Square', 'vwjw', 'Raleighshire', 812),
(49, 'Rempel Overpass', '957 Cole Ramp Suite 100', 'cbha', 'Port Eulaland', 318),
(50, 'Huels Ramp', '6075 Pfeffer Cliff Suite 603', 'bbxo', 'Zanderview', 208),
(51, 'Adella Landing', '17630 Bernhard Green', 'idou', 'Osinskishire', 279),
(52, 'Schowalter Island', '73634 Jerde Radial Apt. 957', 'cxyr', 'Port Sadiefort', 593),
(53, 'Sporer Harbor', '05992 Damaris Squares', 'qzrh', 'Port Katarinafurt', 881),
(54, 'Nathan Island', '896 Myrtle Trail Suite 080', 'rcme', 'Weimannstad', 77),
(55, 'Nat Ferry', '8260 Lexie Extension Suite 602', 'jirw', 'Johnniemouth', 749),
(56, 'Weimann Place', '6643 Bruen Ramp Apt. 223', 'cgmf', 'Legrostown', 172),
(57, 'Casper Ways', '8094 Stroman Port Suite 331', 'oupg', 'Port Chandlerchester', 776),
(58, 'Nicholas Vista', '110 Cortney Manors Apt. 500', 'rhhu', 'Camdenbury', 286),
(59, 'Sauer Squares', '6385 Ebert Forest Apt. 120', 'wlbr', 'Lake Amalia', 458),
(60, 'Cassin Circles', '850 Florence Wells Apt. 940', 'qmws', 'Wiegandfurt', 468),
(61, 'Bridie Port', '98230 Dickens Burgs', 'fnur', 'Alphonsochester', 828),
(62, 'King Viaduct', '067 Brandyn Islands', 'poln', 'North Parkerbury', 777),
(63, 'Yvonne Pike', '9483 Conroy Pike', 'vjwf', 'East Ulicesborough', 263),
(64, 'Granville Inlet', '965 Parker Loop', 'xadq', 'New Karamouth', 3),
(65, 'Pfeffer Throughway', '04546 Seamus View Apt. 842', 'dmbq', 'Lake Vernerville', 879),
(66, 'Jerde Lake', '21641 Angeline Row', 'jiwr', 'Port Leonel', 222),
(67, 'Jerde Well', '415 Stracke Fort Apt. 259', 'bhgf', 'Lake Paul', 615),
(68, 'Schmitt Glens', '0828 Jovanny Centers Apt. 930', 'cswu', 'Port Jadynfort', 434),
(69, 'Hayley Manors', '38030 Larson Avenue', 'ohtk', 'Devynburgh', 1000),
(70, 'Teagan Mountain', '174 Dickinson Stream', 'xzft', 'Hillardstad', 394),
(71, 'Evie Terrace', '43497 Hills Ridges Apt. 462', 'ownw', 'Swifthaven', 454),
(72, 'Ricky Parkways', '4854 Makenzie Drive Suite 606', 'fqwe', 'South Joanside', 159),
(73, 'Creola Inlet', '183 Montana Junctions', 'znjb', 'Boehmland', 723),
(74, 'Streich Square', '513 Adolph Walk', 'odva', 'East Ruth', 592),
(75, 'Helen Burg', '80394 Kara Port Apt. 559', 'jdni', 'West Laurianemouth', 624),
(76, 'Aliya Heights', '776 Bergstrom Point', 'gjkb', 'Hilariotown', 407),
(77, 'Ellis Pine', '3654 Felicity Divide Apt. 868', 'cndb', 'Kirlinberg', 991),
(78, 'Nikolaus Court', '9389 Ellsworth Bridge', 'fvnr', 'North Karianneborough', 596),
(79, 'Jana Plains', '400 Burnice Highway', 'pfmw', 'North Merlhaven', 218),
(80, 'Johnston Place', '8180 Feeney Drives', 'bvjc', 'South Hiramborough', 309),
(81, 'Tromp Fork', '818 Kadin Wall', 'ksws', 'Ameliatown', 803),
(82, 'Vaughn Squares', '217 Hessel Garden Suite 094', 'blgf', 'Albertmouth', 497),
(83, 'Emily Spurs', '95928 Beatty Union', 'ccrs', 'Kovacekfort', 902),
(84, 'Abbott Fields', '041 Felicita Cliff Apt. 096', 'yzcu', 'South Delmertown', 684),
(85, 'Barton Summit', '1310 Delmer Common Suite 297', 'twcj', 'Lake Maegan', 573),
(86, 'Jermey Union', '5860 Waelchi Trafficway', 'qgzp', 'Port Marcelino', 651),
(87, 'Lizzie Camp', '935 Vern Pass', 'inkv', 'Lake Hassan', 855),
(88, 'Shields Fork', '20464 Douglas Alley Apt. 910', 'qldy', 'Port Newellburgh', 348),
(89, 'Greta Valley', '446 Andreane Lights', 'cnzw', 'North Alford', 937),
(90, 'Adrianna Mountain', '10188 Kozey Springs Suite 655', 'vpeb', 'Port Williamview', 313),
(91, 'Ines Mall', '6587 Carmela Plains', 'pmao', 'Morganchester', 816),
(92, 'Lemke Mews', '5264 Gleason Parkways Apt. 406', 'qccf', 'Lake Jessy', 764),
(93, 'Davis Mission', '66762 VonRueden Spring Suite 062', 'ifej', 'Zoeybury', 89),
(94, 'Brendon Wall', '16690 Nader Garden Suite 995', 'rssw', 'Framitown', 78),
(95, 'Considine Viaduct', '077 Karolann Springs Suite 223', 'kuem', 'Meaganburgh', 767),
(96, 'Quigley Square', '21319 Ruth Locks', 'qdam', 'South Ole', 968),
(97, 'Monahan Mission', '05121 Emerald Landing Apt. 677', 'nroz', 'Nakiamouth', 300),
(98, 'Jefferey Dam', '0108 Schroeder Rest', 'lpsl', 'Gillianshire', 382),
(99, 'Wolf Spurs', '3296 Runte Drives Suite 973', 'egpa', 'Molliehaven', 401),
(100, 'Jammie Court', '1169 Mireille Grove', 'tqvy', 'Maddisonburgh', 300),
(101, 'Kutch Spurs', '3347 Clarabelle Trafficway', 'ksuf', 'Geovanystad', 775),
(102, 'Madonna Causeway', '106 Kuhlman Mountains', 'tyfm', 'North Leolabury', 855),
(103, 'Hope Mountains', '28308 Shakira Route', 'iqyd', 'West Ali', 459),
(104, 'Justen Square', '044 Rowan Fall Suite 318', 'djws', 'Huelhaven', 498),
(105, 'Alysson Junction', '180 Macejkovic Orchard', 'avwz', 'West Henriette', 447),
(106, 'Reagan Summit', '3585 Daron Course Apt. 302', 'wpzz', 'Jadenfurt', 82),
(107, 'Jakubowski Valley', '3506 White Greens Suite 188', 'kofs', 'Stevietown', 904),
(108, 'Alexandrine Union', '2856 Romaguera Glen', 'zzhi', 'Wernerhaven', 437),
(109, 'Cummings Ramp', '026 Colten Glens', 'khhk', 'McCulloughshire', 677),
(110, 'Erich Way', '864 Deshaun Summit Suite 088', 'kokh', 'West Rhett', 122),
(111, 'Kutch Bypass', '8298 Tiana Mountains Suite 612', 'uxtv', 'Keeblertown', 745),
(112, 'Sandy Fort', '264 Luz Avenue', 'xeyr', 'Port Luisastad', 480),
(113, 'Reichel Pass', '21515 Joaquin Point Apt. 885', 'nrfo', 'North Jazmynfurt', 619),
(114, 'Barrows Oval', '71104 Stokes Station', 'waxf', 'Salvatorebury', 647),
(115, 'Abel Corner', '7242 Tremblay Manor Suite 757', 'jvdv', 'Jakubowskiburgh', 163),
(116, 'Hayes Bridge', '6290 Marietta Drive', 'rpbz', 'North Adell', 192),
(117, 'Adrian Street', '1262 Marvin Green Apt. 846', 'oxgg', 'North Hilarioborough', 297),
(118, 'Brown Pass', '382 Rico Extensions', 'glaj', 'Junehaven', 18),
(119, 'Cicero Roads', '23349 Trantow Brooks', 'noef', 'Port Micheleland', 540),
(120, 'Laney Bypass', '314 Rachel Station Suite 850', 'qkjp', 'Lake Monroe', 233),
(121, 'Deckow Rest', '161 Elbert Mountains Suite 877', 'xsiv', 'North Assunta', 330),
(122, 'Emilie Crescent', '94845 Elenora Roads Apt. 852', 'hogv', 'Lake Lailaport', 355),
(123, 'Kuvalis Mountains', '274 Abernathy Drive', 'esnb', 'West Roslyn', 997),
(124, 'Miller Shores', '375 Newton Heights', 'lljm', 'West Devanteville', 418),
(125, 'Ryley Gateway', '177 Simonis Lights', 'uxwv', 'Ressieland', 433),
(126, 'Johnston Street', '490 Upton Hill Suite 693', 'kcyj', 'New Kadinville', 763),
(127, 'Abby Islands', '2620 Weimann Glen', 'qhpf', 'East Lanceburgh', 386),
(128, 'Connie Plaza', '008 Olen Fields', 'tccr', 'Lorenfurt', 733),
(129, 'Marks Brooks', '56175 Kaycee Club Suite 383', 'izfm', 'Johnsshire', 145),
(130, 'Rozella Gateway', '522 Borer Mills', 'syry', 'North Amara', 787),
(131, 'Cecilia Port', '8675 Elouise Pass', 'pytq', 'Wilkinsonberg', 32),
(132, 'Robin Flat', '708 Adah Plain', 'qahf', 'Brennaville', 920),
(133, 'Maximus Underpass', '216 Predovic Knolls', 'mnzj', 'Port Keanuview', 641),
(134, 'Jermaine Inlet', '06041 Billy Rapid', 'jijn', 'Madelynland', 490),
(135, 'Goodwin Parkway', '225 Bernier Rapids Apt. 222', 'saxd', 'Lake Marcbury', 417),
(136, 'Schuppe Branch', '8917 Rubie Ports', 'zrti', 'North Carolynview', 87),
(137, 'Tromp Mountains', '8898 Gordon Motorway', 'yxdx', 'North Giuseppeview', 572),
(138, 'Mante Groves', '7884 Ritchie Turnpike Suite 692', 'xiew', 'Greenfelderberg', 321),
(139, 'Gerhold Flat', '369 Green Manors', 'ihhy', 'Lake Vita', 524),
(140, 'Barton Inlet', '51617 Elenora Track', 'cqcd', 'New Kavon', 249),
(141, 'Rafael Views', '056 Alexandra Overpass', 'dazl', 'Lake Albatown', 443),
(142, 'Gislason Rue', '1337 Ernest Park', 'hepj', 'Beierborough', 269),
(143, 'Kshlerin Unions', '3280 Morissette Valley', 'ujuu', 'Strackeburgh', 728),
(144, 'Jordi Corner', '4453 Waelchi Gateway Suite 655', 'vmzm', 'New Lilliestad', 61),
(145, 'Predovic Roads', '945 Osinski Loaf Apt. 726', 'lnls', 'New Neal', 915),
(146, 'Roberts Crest', '78642 Reichert Rue', 'dbfi', 'Port Ethyl', 891),
(147, 'Kunde Dale', '9276 Macey Center Suite 998', 'njnu', 'West Zack', 252),
(148, 'Trudie Freeway', '1170 Gleichner Lakes', 'sduo', 'West Augustine', 211),
(149, 'Keeling Centers', '86802 Roberts Garden', 'fzze', 'East Marianna', 908),
(150, 'Armstrong Pass', '15643 Wilkinson Prairie', 'hhpo', 'Treuteltown', 792),
(151, 'Rigoberto Isle', '61192 Aryanna Route', 'emda', 'Leannonhaven', 443),
(152, 'Montana Station', '905 Durgan Plain', 'zegn', 'D\'Amoretown', 238),
(153, 'Jack Mountain', '666 Murazik Court Apt. 697', 'ldse', 'Port Trystanmouth', 146),
(154, 'Collier Shoals', '537 Hillary Summit Suite 961', 'cxkz', 'Cedrickchester', 440),
(155, 'Brycen Dale', '55640 Herman Roads', 'tidk', 'Orntown', 656),
(156, 'Jacobs Light', '725 Kohler Terrace', 'zafp', 'New Leonelton', 579),
(157, 'Rohan Glens', '242 Olson Track', 'ugfp', 'Terrellborough', 203),
(158, 'Mosciski Gardens', '906 Gleichner River Apt. 649', 'mpcl', 'Justynland', 41),
(159, 'Welch Glen', '025 Lance Field', 'wzsp', 'Kayliebury', 312),
(160, 'Loy Lights', '1487 Claire Summit', 'oxjx', 'South Kaseyfurt', 347),
(161, 'Bergstrom Turnpike', '0215 Kenyatta Camp', 'syuo', 'West Marionshire', 827),
(162, 'Libbie Groves', '40162 Grant Ramp Apt. 071', 'ceko', 'West Yazminland', 343),
(163, 'Satterfield Park', '696 Feil Lock Apt. 583', 'xnif', 'Alfborough', 267),
(164, 'Burdette Rapids', '223 Ricardo Creek Suite 659', 'jset', 'Clarabellefort', 468),
(165, 'Gibson Parkway', '696 Isaias Tunnel', 'ridq', 'Eldredview', 833),
(166, 'Taryn Lodge', '064 Schmeler Corner', 'poub', 'North Neal', 684),
(167, 'Heaney Estates', '27178 Francesca Knoll', 'seak', 'Roobport', 554),
(168, 'Caden Spur', '82736 Christiansen Passage Apt. 943', 'xjbc', 'Zboncakville', 405),
(169, 'White Trace', '8973 Wuckert Coves Apt. 872', 'owsn', 'Boscostad', 4),
(170, 'Shemar Extensions', '410 Rippin Street Suite 283', 'agsw', 'North Emilianoview', 77),
(171, 'Austen Road', '5979 Stanton Cape', 'woou', 'West Guillermo', 653),
(172, 'Alexane Inlet', '41186 Ben Corners', 'wino', 'South Orloton', 447),
(173, 'Volkman Flat', '84296 Ozella Harbor', 'dbyu', 'Lake Darrin', 345),
(174, 'Michel Throughway', '39499 Raynor Street Suite 047', 'gqiu', 'Wisokytown', 381),
(175, 'McGlynn Ports', '0112 Dickens View', 'yaoz', 'Waltermouth', 507),
(176, 'Fidel Courts', '66558 Roscoe Roads Suite 047', 'hcdf', 'Port Rosaleemouth', 260),
(177, 'O\'Keefe Gateway', '05240 Sporer Mountain Suite 659', 'dgyh', 'Sauerfort', 271),
(178, 'Violet Lock', '8088 Moore Shoal', 'thjp', 'Balistrerifort', 759),
(179, 'Quigley Place', '08568 Littel Crest', 'tfau', 'Giuseppeburgh', 470),
(180, 'Kyler Heights', '000 Lindgren Forges Suite 279', 'bcjy', 'Barrowsbury', 179),
(181, 'Jacobs Circle', '5487 Florian Ports Apt. 108', 'zfig', 'Gladysfort', 550),
(182, 'Felton Ford', '40884 Koch Passage', 'walp', 'Hellerfurt', 913),
(183, 'Matt Knoll', '8260 Kristofer Manor', 'gxgg', 'Turcotteburgh', 417),
(184, 'Schmeler Cliff', '3746 Jany View Suite 129', 'wpoa', 'Kielburgh', 696),
(185, 'Kemmer Crescent', '203 McKenzie Grove', 'uopy', 'Harrisonbury', 352),
(186, 'Anne Fields', '7904 Rose Route Apt. 659', 'ovha', 'Lowellhaven', 72),
(187, 'Pfeffer Extensions', '39811 Gilbert Cliffs Apt. 421', 'hlae', 'New Loganfort', 275),
(188, 'Weber Rue', '29869 Walter Summit Apt. 416', 'elth', 'West Stephanie', 554),
(189, 'Buck Mews', '5465 Woodrow Oval', 'agip', 'Fredericside', 113),
(190, 'Ettie Locks', '6115 Lina Crescent', 'blvc', 'West Oceane', 586),
(191, 'Collier Isle', '1860 George Village', 'lecj', 'North Dantechester', 901),
(192, 'Joseph Groves', '02648 Rosanna Crossroad Suite 130', 'tpqr', 'Harrisside', 939),
(193, 'Anastacio Club', '3191 Kuhic Expressway', 'swlm', 'Reillyborough', 929),
(194, 'Chad Street', '5339 Lowe Prairie Apt. 779', 'twxd', 'West Melyssa', 167),
(195, 'O\'Keefe Inlet', '3241 Jaylin Union Apt. 937', 'xfbz', 'Lake Jennings', 406),
(196, 'Francisco Falls', '81326 Rodriguez Village', 'deoe', 'Rosenbaummouth', 762),
(197, 'Anais Estates', '46178 Streich Spring', 'tmes', 'Juliannefurt', 850),
(198, 'Travis Forges', '738 Glover Locks Suite 502', 'zeud', 'West Zechariahview', 960),
(199, 'Stephanie Courts', '283 Russel Gardens Apt. 280', 'hnpv', 'Mosciskiview', 166),
(200, 'Stephanie River', '96599 Zulauf Groves', 'eida', 'Port Ardenmouth', 854),
(201, 'Shanahan Vista', '69977 Tyreek Plains', 'xqep', 'Rahsaanshire', 37),
(202, 'Johnson Junction', '22896 Enid Loaf', 'gtjg', 'North Rafaelborough', 818),
(203, 'Maddison Pass', '066 Volkman Mountain Suite 428', 'mhjq', 'Macejkovicstad', 300),
(204, 'Schuppe Stream', '828 Miracle Shoal', 'ihfq', 'Feilmouth', 382),
(205, 'Heller Manors', '69232 Eriberto Walks Apt. 349', 'bych', 'West Raleighhaven', 199),
(206, 'Norma Fork', '7038 Arvilla Pines Apt. 112', 'ocpj', 'East Isabellborough', 807),
(207, 'Kuhlman Island', '09340 Sauer Row', 'etwy', 'New Vicente', 641),
(208, 'O\'Conner Mills', '67283 Bashirian Street', 'ltwl', 'Eloisefort', 470),
(209, 'Rau Meadows', '1248 Gibson Dam Suite 912', 'kvge', 'Kathleenborough', 565),
(210, 'Trantow Islands', '18316 Mitchell Cliffs Suite 802', 'ajqw', 'North Casandrachester', 111),
(211, 'Labadie Mission', '3342 Von Junction Suite 197', 'okya', 'West Bill', 649),
(212, 'Adrain Hills', '4671 Botsford Lodge', 'vsrw', 'Port Dahlia', 115),
(213, 'Stefan Prairie', '0687 Johnny Park', 'wbpu', 'South Joana', 23),
(214, 'Cummings Camp', '5751 Lakin Drives', 'scdo', 'East Caleigh', 65),
(215, 'Juliet Coves', '918 Geovanni Summit Suite 014', 'eibl', 'Port Anabel', 811),
(216, 'Murphy Loop', '78654 Batz Road Suite 906', 'slug', 'New Shawn', 375),
(217, 'Maxie Mills', '67751 Eichmann Burgs Apt. 307', 'ghng', 'Kennedyville', 136),
(218, 'Abbott Forest', '62573 Maurice Gateway', 'fbho', 'Starkstad', 85),
(219, 'Bayer Summit', '14437 Eve Lock', 'ymcn', 'North Mathilde', 929),
(220, 'Reichel Landing', '167 Cecil Circle Apt. 562', 'ybhw', 'Boganshire', 249),
(221, 'Nathan Dale', '1132 Quigley Parkways', 'fqyh', 'Lake Clarabelleland', 671),
(222, 'Rhea Throughway', '799 Nicklaus Gateway Suite 963', 'nfrt', 'West Marleychester', 829),
(223, 'Aliyah Groves', '14439 Cameron Ramp Apt. 586', 'cyzk', 'North Baileyshire', 187),
(224, 'Elyssa Flat', '69430 Amalia Ports', 'exif', 'Lake Revaberg', 599),
(225, 'Lemke Knoll', '303 Quitzon Island Apt. 557', 'qvfb', 'Hilllhaven', 995),
(226, 'Jedidiah Estate', '0829 Mueller View Apt. 708', 'bwpp', 'Port Lavonne', 593),
(227, 'Bode Court', '928 Towne Greens Suite 761', 'uqgc', 'Shieldsberg', 361),
(228, 'Edyth Fords', '16867 McDermott River Apt. 000', 'eaxn', 'Lake Rachelle', 845),
(229, 'Hintz Tunnel', '2113 Ryder Fall', 'usxx', 'North Hilariochester', 552),
(230, 'Smith Estate', '7633 Mohammad Burg Apt. 778', 'dkfq', 'Mariettastad', 526),
(231, 'Lazaro Estates', '9419 Joaquin Common Apt. 592', 'smdl', 'Lindgrenfurt', 698),
(232, 'Matilda Run', '4175 Abby Haven', 'xypa', 'New Sierra', 589),
(233, 'Verdie Greens', '931 Haag Roads Suite 757', 'zygs', 'Marcellemouth', 344),
(234, 'Spencer Wall', '030 Roel Cape Apt. 372', 'immy', 'Joyceburgh', 998),
(235, 'Kris Mall', '7053 Jean Village', 'sgft', 'Cristfort', 970),
(236, 'Julie Rapid', '78085 Baumbach Via Apt. 275', 'xzck', 'North Nikoland', 542),
(237, 'Zella Road', '67533 Shields Point', 'udyv', 'Glennieborough', 804),
(238, 'Smith Vista', '7680 Evie Estates', 'cdaz', 'Pablofurt', 610),
(239, 'Roel Mews', '945 Brett Loaf Suite 453', 'acnr', 'Kautzerhaven', 12),
(240, 'Leffler Valley', '176 Wolff Crescent Suite 758', 'ctxe', 'Lake Eloy', 369),
(241, 'Mann Squares', '211 Felicita Drive Apt. 425', 'tvet', 'Baronburgh', 721),
(242, 'Rogelio Forge', '621 Idell Lock Suite 040', 'dluw', 'Barrettside', 660),
(243, 'Tevin Inlet', '627 Margarette Village Suite 200', 'ybmd', 'Lake Tiara', 483),
(244, 'Ankunding Courts', '79180 Jakubowski Stravenue', 'dicx', 'Hettingerchester', 743),
(245, 'Ludwig Greens', '996 Pagac Harbor Suite 409', 'puxm', 'McLaughlinberg', 724),
(246, 'Edmond Island', '106 Quigley Mountain', 'ddtb', 'Trevionmouth', 294),
(247, 'Luigi Bridge', '124 Angie Trace', 'qtxw', 'Lake Gino', 117),
(248, 'Tatum Hill', '197 Fadel Knolls', 'rrxf', 'Schulistland', 860),
(249, 'Geovany Isle', '99384 Conroy Divide Apt. 148', 'qcmb', 'West Justus', 378),
(250, 'Kemmer Pike', '3195 Dickinson Isle', 'ccom', 'Port Gerhardfurt', 46),
(251, 'Vallie Points', '9315 Marquardt Bypass Suite 014', 'honf', 'Lake Alysson', 108),
(252, 'Klein Streets', '018 Conroy Locks Apt. 910', 'rqsy', 'Kreigerhaven', 48),
(253, 'Herzog Gateway', '706 Emard Turnpike', 'ywjs', 'Coleport', 874),
(254, 'Yoshiko Villages', '740 Ricardo Parkways', 'xakv', 'Efrenchester', 295),
(255, 'Cullen Mills', '5233 Jade Motorway', 'szew', 'West Furman', 647),
(256, 'Karlee Highway', '612 Travon Skyway Suite 259', 'hoav', 'Rempelton', 869),
(257, 'Greenfelder Tunnel', '1368 Leopold Stravenue Suite 108', 'uszu', 'Stromanfurt', 888),
(258, 'Patsy Bypass', '595 Timothy Landing', 'sqoi', 'North Juwan', 7),
(259, 'Johathan Meadows', '31723 Angeline Streets', 'xdhe', 'East Gerson', 713),
(260, 'Georgiana Cliff', '4183 Jenkins Drives Suite 628', 'zkfk', 'Lake Taureanside', 439),
(261, 'Block Wells', '72661 Priscilla Estate', 'bveg', 'Windlerburgh', 533),
(262, 'Otis Gateway', '44741 Dietrich Road Apt. 304', 'kedf', 'Ronaldomouth', 411),
(263, 'Cooper Trail', '64773 Wuckert Port', 'ecpv', 'West Avisfurt', 28),
(264, 'Kirstin Hollow', '9889 Bins Rue', 'ncgn', 'South Evie', 876),
(265, 'Davis Expressway', '021 Vallie Streets Apt. 165', 'qhjc', 'Revafort', 408),
(266, 'Jonathan Knoll', '415 Kailey Brooks', 'rtrk', 'South Jorge', 997),
(267, 'Maggio Orchard', '2407 Ryley Key', 'lfer', 'Lake Irving', 418),
(268, 'Bria Isle', '39991 Samir Station Apt. 551', 'wqgd', 'Georgettetown', 211),
(269, 'Russel Expressway', '030 Bridget Trail Apt. 503', 'pzzn', 'Port Seamus', 607),
(270, 'Heath Trafficway', '2508 VonRueden Haven', 'bmxe', 'Ashtynfurt', 429),
(271, 'Schaefer Ferry', '35182 Anderson Radial Suite 508', 'favs', 'Hanetown', 579),
(272, 'Samanta Overpass', '918 Abernathy Junction Suite 201', 'isbw', 'South Suzannemouth', 327),
(273, 'Brown Vista', '0999 Jackie Springs', 'iohu', 'Port Dario', 89),
(274, 'Jakubowski Streets', '66334 Kassulke Mill', 'ppcn', 'Lake Skylarfurt', 62),
(275, 'Mills Spur', '939 Hamill Rest Apt. 901', 'rkpk', 'Bertahaven', 70),
(276, 'Reilly Points', '706 Leannon Plaza Suite 034', 'odol', 'Gideonview', 813),
(277, 'Kuphal Lodge', '225 Geraldine Circles', 'grxj', 'Maxwellborough', 355),
(278, 'Trent Ridges', '57825 O\'Hara Corners Suite 705', 'iscc', 'Vernieland', 187),
(279, 'Bogisich Curve', '00065 Taylor Circles', 'rczj', 'North Aimeeton', 672),
(280, 'Brycen Estates', '9270 Noe Orchard', 'lbfj', 'New Daphnefort', 733),
(281, 'Schowalter Islands', '80836 Lelah Heights', 'mion', 'Cullenchester', 232),
(282, 'Zieme Highway', '042 Johns Forks', 'tsxo', 'Schroedermouth', 780),
(283, 'Batz Bridge', '982 Bobby Grove Apt. 983', 'jehb', 'Runolfssonport', 781),
(284, 'Gulgowski Cliffs', '685 Lydia Branch Apt. 662', 'vmwq', 'Spinkafort', 105),
(285, 'Magnus Land', '90735 Torrey Junctions Apt. 725', 'deax', 'North Gabrielside', 75),
(286, 'Abby Way', '539 Clovis Union Suite 006', 'kxar', 'Luettgenfurt', 428),
(287, 'Robel Rest', '0479 Hauck Neck', 'wybe', 'Myramouth', 973),
(288, 'Heathcote Keys', '487 Wilderman Rapid', 'kmqf', 'Walterburgh', 962),
(289, 'Bret Causeway', '41023 Schumm Radial Suite 674', 'uyzk', 'Lavonneport', 434),
(290, 'Lynch Ways', '419 Wilfrid Village', 'dedg', 'Sengerville', 686),
(291, 'Ransom Extension', '714 Quitzon Terrace', 'eylx', 'Port Delphinebury', 401),
(292, 'Klein Key', '540 Daniel Mill Suite 143', 'ahzm', 'South Guido', 966),
(293, 'Yost Forks', '170 Carter Manor', 'eetf', 'North Lonfurt', 96),
(294, 'Cronin Rapid', '2294 Schaefer Harbors', 'qivm', 'North Geovanni', 428),
(295, 'Ullrich Pike', '357 Frederik Brook', 'cztx', 'North Sylvan', 842),
(296, 'Smith Port', '78253 Wolff Views Apt. 759', 'ujtm', 'Kilbackborough', 504),
(297, 'Orn Canyon', '39209 Lyric Radial', 'ggkn', 'North Cortez', 424),
(298, 'Ismael Corner', '625 Willard Green Suite 612', 'oddg', 'Lake Lauriane', 260),
(299, 'Weissnat Wall', '19858 Asha Ranch Apt. 432', 'eqpd', 'New Faechester', 715),
(300, 'Thiel Keys', '1680 Beier View', 'mycm', 'North Eugeniaview', 31),
(301, 'Fahey Stream', '870 Reichert Landing Suite 961', 'uvpo', 'Angelitaville', 689),
(302, 'Mueller Mountain', '2778 Clyde Coves', 'cxzg', 'Morissetteburgh', 294),
(303, 'Octavia Pass', '1422 Vandervort Oval', 'oevp', 'Destineytown', 357),
(304, 'Bailey Estate', '1070 Felicita Orchard', 'ilbj', 'Vonmouth', 777),
(305, 'Herman Drives', '000 Aliza Divide Apt. 776', 'nlrc', 'Mariamshire', 355),
(306, 'Brown Ports', '2255 Simonis Isle', 'suyl', 'Sheldonfurt', 426),
(307, 'Bosco Drives', '00955 Turcotte Ridge Suite 331', 'dmnl', 'Lanceport', 589),
(308, 'Hartmann Way', '70603 Bernard Walks', 'tiwz', 'Everetteview', 710),
(309, 'Wiegand Port', '33441 Therese Drive Apt. 408', 'kxpa', 'New Joseph', 613),
(310, 'Caleb Lakes', '327 Ethyl Squares', 'bpsg', 'Sawaynberg', 261),
(311, 'Tito Estate', '913 Pauline Union Suite 438', 'kiad', 'West Ryder', 442),
(312, 'Marlin Field', '2367 Koch Way', 'pcvj', 'Mantefurt', 844),
(313, 'Crona Radial', '4404 Shields Springs Suite 728', 'susy', 'Lake Annabell', 41),
(314, 'Lemke Dale', '82127 Vicky Rue', 'navp', 'Eduardoburgh', 223),
(315, 'Adelbert Valley', '8436 Ethan Mount', 'qvho', 'Annabellberg', 948),
(316, 'Carroll Cliffs', '5771 Naomi Harbors Apt. 637', 'vixk', 'East Matteoshire', 115),
(317, 'Tierra Course', '8786 Botsford Island Apt. 015', 'lyac', 'Schultzmouth', 650),
(318, 'Princess Burgs', '02958 Welch Brooks Suite 842', 'wfzw', 'North Lon', 921),
(319, 'Spinka Springs', '18938 Howe Causeway Apt. 255', 'tczw', 'Wisozktown', 76),
(320, 'Russel Forge', '80746 Abigail Road', 'deoy', 'Princeshire', 83),
(321, 'Lenora Place', '9894 Noemi Fall', 'siph', 'East Vickie', 606),
(322, 'Pietro Ridge', '651 Earline Avenue', 'diqk', 'East Amari', 476),
(323, 'Lottie Extensions', '0656 Gleichner Corners', 'nmli', 'South Elviebury', 49),
(324, 'Elfrieda Knolls', '7396 Sabina Skyway Suite 647', 'rfmh', 'New Lynnshire', 702),
(325, 'Christiansen Union', '9744 Deangelo Parkway Suite 791', 'cqur', 'East Adolfoburgh', 904),
(326, 'Yazmin Estates', '62056 Triston Fall', 'xwqc', 'Lake Brody', 891),
(327, 'Keeling Island', '905 Donato Trail Apt. 984', 'mifn', 'Deckowbury', 206),
(328, 'Abernathy Center', '6740 Cruickshank Flats', 'pejs', 'Port Simeon', 328),
(329, 'Jacobson Tunnel', '8232 Burdette Drives Apt. 999', 'qcsj', 'Port Stuartton', 150),
(330, 'Maxine Terrace', '75505 Dameon Parks', 'jhoe', 'Halvorsonstad', 920),
(331, 'Ward Pines', '251 Odell Falls', 'sbmi', 'East Marilou', 358),
(332, 'Bogisich Brooks', '58206 Lessie Orchard', 'qwxw', 'Ondrickaborough', 838),
(333, 'Sporer Via', '35189 Ronaldo Views Apt. 949', 'rnll', 'West Kirstinburgh', 213),
(334, 'Bartoletti Rapid', '0841 Schaefer Falls Suite 434', 'nlzr', 'Stromantown', 715),
(335, 'Hessel Fort', '570 Milo Valley', 'ycxz', 'East Virginiafurt', 615),
(336, 'Marlin Corner', '082 Pagac Meadow', 'mhpw', 'East Dino', 568),
(337, 'Jewell Corner', '222 Logan Spur Apt. 711', 'fdzb', 'Funkfort', 140),
(338, 'Kiarra Shoal', '70629 Rice Bridge Apt. 815', 'drzi', 'Mayertton', 203),
(339, 'Padberg Springs', '48300 Edyth Trace', 'tceh', 'Hamillhaven', 277),
(340, 'Auer Pike', '6402 Ima Inlet', 'dnog', 'South Chyna', 752),
(341, 'Ramona River', '5578 Kieran Well Suite 473', 'cimk', 'Jeffreyfort', 463),
(342, 'Gleichner Lake', '2004 Berge Place Apt. 281', 'oqtp', 'Toybury', 719),
(343, 'Bergnaum Square', '91688 Pagac Falls', 'vhrv', 'Kihntown', 596),
(344, 'Nigel Spring', '99321 Bartoletti Ridge', 'hsdo', 'Katherynberg', 504),
(345, 'Christy Point', '05930 Wunsch Ranch', 'brno', 'South Arely', 941),
(346, 'Verna Hill', '5948 Grimes Ville Suite 563', 'rmtp', 'East Annetown', 543),
(347, 'Kaela Junction', '564 Feest Parkways', 'yfzz', 'Hermistonmouth', 618),
(348, 'Melba Radial', '96459 Fahey Shoal Suite 034', 'nycb', 'West Stanfordside', 590),
(349, 'Nicolas Summit', '897 Wolf Mission', 'pibl', 'VonRuedenfort', 464),
(350, 'Mayert Harbors', '14579 Harber Crossing', 'vzce', 'East Traceystad', 694),
(351, 'Padberg Union', '57409 Evert Spur Apt. 165', 'tqcw', 'East Lorine', 673),
(352, 'Floyd Alley', '828 Patience Camp', 'qpvn', 'Carleyton', 70),
(353, 'Katelin Mission', '988 Orn Meadows', 'gxgn', 'East Edaview', 170),
(354, 'Randy Crest', '98443 Jenkins Row', 'efpe', 'Effertzland', 722),
(355, 'Lacy Gardens', '958 Sheridan Mountain', 'fmov', 'Gerlachville', 772),
(356, 'Lacy Valley', '587 Fadel Brooks', 'gaix', 'Cristmouth', 73),
(357, 'Aimee Mountain', '7717 Zena Lodge Apt. 750', 'xhdt', 'DuBuquebury', 613),
(358, 'Cecil Parkways', '94075 Jamarcus Forge', 'fhlw', 'North Corrine', 977),
(359, 'Jovani Landing', '8575 Schuppe Brooks Suite 284', 'degh', 'Destiniland', 400),
(360, 'Lindgren Path', '59750 Bradford Ways', 'zgpb', 'Casimerton', 762),
(361, 'Alexandra Stream', '42482 Tressa Point', 'uqyq', 'Karinestad', 896),
(362, 'Mraz Valleys', '8469 Tyreek Roads Apt. 334', 'jhmh', 'Lehnerton', 757),
(363, 'Nikolaus Common', '193 Makenzie Canyon', 'ccyt', 'Hermistonmouth', 600),
(364, 'Pollich Ports', '95567 Elsie Square', 'kuvn', 'Savionland', 109),
(365, 'Harley Parkway', '1436 Gottlieb Lane', 'mxwn', 'West Brannon', 471),
(366, 'Gerhold Flats', '063 Barry Ports', 'ovro', 'Port Isobeltown', 214),
(367, 'Jayda Brook', '3741 Omer Ridge Suite 412', 'gdgn', 'Borisview', 676),
(368, 'Allene Crossing', '549 Pierce Overpass', 'pbpd', 'Letachester', 611),
(369, 'Caterina Island', '962 Cordia Ramp', 'xewx', 'Port Emmittbury', 416),
(370, 'Brianne Spurs', '3075 Sydnie Summit Suite 987', 'fjgv', 'Faheystad', 953),
(371, 'Cassandre Spring', '603 Brekke Courts', 'hsgp', 'East Owen', 363),
(372, 'Farrell Mills', '780 Gulgowski Union', 'pahj', 'Collierstad', 879),
(373, 'Ava Keys', '3913 Durward Via', 'iqjl', 'West Kiramouth', 672),
(374, 'Tina Rue', '987 Lourdes Overpass Apt. 292', 'bksr', 'Port Darrion', 958),
(375, 'Shakira Mission', '903 Trantow Mountain Suite 265', 'eqkf', 'Port Ashly', 382),
(376, 'Goldner Villages', '509 Green Mountains Apt. 570', 'klki', 'Mullerberg', 612),
(377, 'Ondricka Crescent', '4304 Laisha Stravenue', 'fuzi', 'North Macyside', 501),
(378, 'Fatima Lights', '63015 Reba Field', 'yviz', 'New Skylartown', 1000),
(379, 'Jordyn Mews', '82932 Ruecker Brook Apt. 835', 'rcqt', 'West Georgeville', 202),
(380, 'Hirthe Cliff', '13262 Lilyan Trail', 'utao', 'South Carli', 964),
(381, 'Laurianne Landing', '8951 Osinski Trafficway', 'vnfk', 'West Hilmachester', 693),
(382, 'Stephany Estate', '6203 Fay Ports Apt. 572', 'ikpb', 'West Citlallimouth', 875),
(383, 'Dianna Fords', '226 Ziemann Vista Apt. 510', 'zola', 'Carlottaville', 34),
(384, 'Leannon Roads', '96545 Blair Mission', 'skhk', 'Kerlukeburgh', 862),
(385, 'Liliane Wells', '678 Keon Cape Apt. 515', 'hair', 'East Rosamondfurt', 596),
(386, 'Alize Cove', '32129 Cummings Groves Apt. 211', 'hwva', 'Annabelmouth', 805),
(387, 'Marks Mews', '4214 Monahan Plains Apt. 334', 'jeng', 'North Hollis', 935),
(388, 'Franecki Trace', '013 Autumn Rapid', 'tjna', 'New Kirstenmouth', 209),
(389, 'Dave Parkway', '3677 Hahn Viaduct', 'kgkx', 'East Arianeland', 781),
(390, 'Kiera Ramp', '582 Meredith Junction', 'evlt', 'East Irving', 334),
(391, 'Theresia Spur', '2756 Steuber Vista', 'xhlq', 'West Savanna', 970),
(392, 'Genevieve Loaf', '5740 Cynthia Brook Apt. 668', 'nzhq', 'East Lanebury', 677),
(393, 'Keshawn Vista', '54738 Mac Garden Suite 657', 'oygf', 'Langtown', 91),
(394, 'Jailyn Square', '572 Davis Prairie Suite 902', 'efcc', 'New Federico', 570),
(395, 'Harris Point', '29712 Billie Plaza Apt. 955', 'swjp', 'North Travis', 786),
(396, 'Green Green', '715 Ignatius Islands Suite 099', 'jelm', 'Rennerville', 562),
(397, 'Reyna Shores', '49727 Thelma Divide', 'czir', 'Lake Samanthafurt', 783),
(398, 'Lesch Road', '83136 Michaela Walk Suite 414', 'rwka', 'East Heatherside', 461),
(399, 'Collins Burgs', '6551 Holden Ways', 'cdwo', 'Port Dannyville', 173),
(400, 'Garrison Spur', '2851 McDermott Row', 'owxp', 'Lake Gavinport', 199),
(401, 'Baumbach Common', '2699 Considine Fort Suite 464', 'yrom', 'North Santino', 414),
(402, 'Mueller Gateway', '961 Tristin Course', 'sjfl', 'Elverastad', 536),
(403, 'Lera Views', '5747 Ola Common Apt. 807', 'qnzu', 'West Sarina', 78),
(404, 'Jarrell Lake', '141 Ashtyn Cliff Apt. 152', 'ubhr', 'Namestad', 85),
(405, 'Antonio Vista', '889 Schiller Vista', 'mzrl', 'South Raheemberg', 494),
(406, 'Ashleigh Courts', '96144 Florine Route Apt. 215', 'djcu', 'O\'Keefeshire', 460),
(407, 'Annamarie Forest', '1590 Murphy Square Apt. 212', 'pmvt', 'Port Mac', 697),
(408, 'Rutherford Mission', '0763 Sherwood Gardens Suite 678', 'myom', 'Fernview', 994),
(409, 'Gerlach Plaza', '3988 Wendy Plaza Suite 200', 'kmnw', 'Krajcikstad', 459),
(410, 'Alivia Mission', '8876 Sallie Plains Apt. 239', 'dsim', 'South Kaitlynmouth', 898),
(411, 'Elmore Crossroad', '354 Aida Course Suite 229', 'xqim', 'Port Blairshire', 958),
(412, 'Kuhlman Ferry', '31000 Cleta Plains Suite 474', 'pscv', 'Thompsonshire', 152),
(413, 'Kailey Spurs', '42222 Price Pike', 'rzcp', 'Wittingtown', 773),
(414, 'Oral Spur', '50022 Arlene Trail Suite 255', 'lenu', 'South Thomashaven', 991),
(415, 'Jayson Key', '34488 Sydnee Trail', 'tktp', 'Judgeberg', 14),
(416, 'Brandt Cape', '89891 Henri Drives', 'rasm', 'South Ethanmouth', 369),
(417, 'O\'Connell Drive', '813 Russel Key Suite 152', 'qsqb', 'Kesslerchester', 796),
(418, 'Crystal Road', '369 Ashtyn Fork Apt. 640', 'nrub', 'Rauchester', 948),
(419, 'Wallace Isle', '0074 Ward Tunnel Apt. 291', 'ddkm', 'Caylamouth', 577),
(420, 'Wunsch Place', '004 Gutmann Pine', 'tebr', 'Port Silas', 576),
(421, 'Jacey Path', '93087 Ferry Streets Apt. 830', 'jkhb', 'East Electa', 282),
(422, 'Rosenbaum Wall', '09229 Schmeler Way Suite 153', 'tkuj', 'East Rylee', 546),
(423, 'Yvette Wall', '554 O\'Keefe Lane', 'hsda', 'West Jaylanmouth', 253),
(424, 'Pedro Crossroad', '363 Kallie Spurs', 'xpek', 'West Annabelberg', 373),
(425, 'Turner Burg', '474 King Parkways', 'hvnd', 'South Madalinemouth', 115),
(426, 'Frami Cliffs', '378 Stanford Heights Apt. 131', 'irtj', 'Lake Emelieburgh', 38),
(427, 'Wunsch Rapids', '9910 Okuneva Row Apt. 384', 'umgb', 'Donhaven', 934),
(428, 'Clementina Corners', '187 Alice Wall', 'ohln', 'South Lolita', 898),
(429, 'Heaney Estate', '8425 Laron Crossroad Suite 911', 'lblo', 'North Graycetown', 499),
(430, 'Tristian Ferry', '929 Delilah Groves Apt. 136', 'eejw', 'Veumborough', 107),
(431, 'Blaise Squares', '80685 Rutherford Cove', 'tahl', 'West Brendonmouth', 96),
(432, 'Homenick Oval', '630 Darrick Burgs', 'adql', 'Eldonmouth', 912),
(433, 'Wolff Place', '23219 Kilback Neck Apt. 274', 'lamn', 'Jarretthaven', 642),
(434, 'Maxine Extensions', '518 Daphney Loop Suite 834', 'tuay', 'Port Aaliyahmouth', 174),
(435, 'Reichel Road', '09426 Stokes Plains', 'rzsy', 'Lenorabury', 997),
(436, 'Soledad Loop', '377 Kaci Fort Apt. 945', 'wmdr', 'North Karson', 135),
(437, 'Salma Shore', '015 Kozey Street Suite 219', 'myxv', 'Bashiriantown', 633),
(438, 'Donna Ferry', '468 Kassandra Flats Apt. 216', 'veji', 'West Fae', 693),
(439, 'Carter Village', '9790 Leannon Mission', 'nouy', 'Eveburgh', 129),
(440, 'Greenholt Villages', '033 Kihn Pass', 'emub', 'Wymanport', 92),
(441, 'Beier Lakes', '4502 Suzanne Villages Suite 483', 'rkxk', 'Abechester', 590),
(442, 'Lehner Springs', '254 Klocko Circle Apt. 102', 'nemm', 'New April', 87),
(443, 'Dorothy Crossroad', '72477 Helena Isle', 'oxne', 'New Orlo', 243),
(444, 'Greenholt Cliffs', '61736 Padberg Valley', 'gxie', 'North Helmershire', 362),
(445, 'Schuster Rue', '32702 Cordia Pike', 'cwao', 'West Jerroldton', 77),
(446, 'Turcotte Gateway', '64920 Moen Islands', 'kywj', 'Hilllfurt', 256),
(447, 'Jerrell Plaza', '416 Princess Spring', 'leep', 'West Jeffhaven', 731),
(448, 'Hane Trafficway', '676 Liam Ways Apt. 675', 'gvto', 'Jodiebury', 873),
(449, 'Vicente Meadows', '98324 Roob Circles Apt. 327', 'gzev', 'Lake Herman', 204),
(450, 'Antonina Branch', '2599 Vicenta Square Suite 502', 'wvaa', 'West Reginald', 307),
(451, 'Hyatt Expressway', '451 Domenico Extensions', 'gbji', 'West Easter', 449),
(452, 'Yessenia Camp', '52052 Freda Spring Apt. 146', 'qbkv', 'Aufderharhaven', 485),
(453, 'Eldred Junctions', '011 Alexandre Avenue Apt. 062', 'akem', 'Kavonmouth', 852),
(454, 'Joesph Turnpike', '524 Ruthe Forge Suite 695', 'ftoz', 'South Sammie', 701),
(455, 'Dovie Curve', '250 Kunde Radial', 'mety', 'Trentmouth', 857),
(456, 'Ruecker Crest', '66870 Klein Highway Suite 903', 'fdwm', 'Port Clairmouth', 967),
(457, 'Pagac Mission', '2479 King Glens', 'ortf', 'Moenborough', 738),
(458, 'Trace Trail', '714 Aliyah Forks Suite 705', 'pidq', 'Gretchenshire', 791),
(459, 'Arvilla Extension', '011 Howe Flats', 'zafv', 'New Ivy', 865),
(460, 'Blanda Grove', '994 Alison Parkways', 'yjhp', 'Raquelside', 237),
(461, 'Maud Bridge', '11427 Willms Square', 'olkp', 'Kirlinborough', 897),
(462, 'Friesen Lane', '6162 Boyle Ferry', 'hebm', 'Hughstad', 960),
(463, 'Waino Pine', '22328 Monahan View Apt. 844', 'ycqx', 'East Brooklynside', 148),
(464, 'Gerhold Spring', '00151 Leffler Port', 'kjsk', 'North Ezequiel', 539),
(465, 'Vivienne Ferry', '0918 Runolfsdottir Overpass Suite 831', 'fgdl', 'East Roberto', 133),
(466, 'Aiyana View', '431 Gorczany Ports Apt. 108', 'ncpa', 'East Yvette', 145),
(467, 'Sipes Harbor', '02480 Gleichner Circles Apt. 289', 'yxtt', 'Ricefurt', 673),
(468, 'Conner Crest', '05147 Stiedemann Vista Apt. 705', 'gjml', 'East Annabelleport', 766),
(469, 'Haskell Underpass', '29731 Katelynn Mission Apt. 085', 'gkyx', 'Vilmaside', 837),
(470, 'Alva Terrace', '481 Cordie Skyway', 'ocxi', 'North Audra', 801),
(471, 'Hoeger Springs', '56495 Yundt Harbor Apt. 040', 'xjor', 'Lake Anabelle', 857),
(472, 'Kirlin Harbor', '2598 Madelynn Trafficway Apt. 484', 'hfzx', 'Hattieview', 427),
(473, 'Marc Ville', '654 Willard View Apt. 856', 'uhlj', 'East Alekside', 887),
(474, 'Hartmann Greens', '7313 Raymundo Turnpike', 'dfyf', 'East Watsonberg', 99),
(475, 'Esmeralda Grove', '13169 Myrtie Lights Suite 100', 'pfvf', 'South Amelieland', 789),
(476, 'Maybelle Pine', '71757 Fahey Pass Apt. 625', 'qhud', 'Chloemouth', 964),
(477, 'Vivien Lights', '3307 Russel Ports', 'isas', 'South Jamel', 355),
(478, 'Darryl Spur', '2078 Clare Well', 'athl', 'North Earlene', 519),
(479, 'Elyse Landing', '930 Janiya Ferry', 'slde', 'Pascaletown', 836),
(480, 'Janie Overpass', '3950 Tyrese Unions', 'uiwp', 'Parkerburgh', 558),
(481, 'Lue Drive', '7803 Esteban Plain Suite 425', 'tixm', 'Port Connie', 825),
(482, 'Solon Circle', '723 Bailey Ford Apt. 429', 'dptt', 'Port Leann', 284),
(483, 'Mraz Extensions', '794 Hermiston Tunnel Apt. 869', 'qllc', 'Jordynburgh', 43),
(484, 'Maida Rapids', '92225 Ramon Springs Suite 346', 'wwer', 'Schusterland', 677),
(485, 'Satterfield Canyon', '32997 Rosina Islands Apt. 130', 'jrje', 'Hettingermouth', 985),
(486, 'Aida Vista', '8694 Muriel Crescent Suite 742', 'hofr', 'Lake Sonia', 900),
(487, 'Aileen Villages', '019 Winona Fall Suite 241', 'gqib', 'Port Adeliaburgh', 643),
(488, 'Baumbach Row', '71276 Strosin Harbors Apt. 131', 'bzwv', 'South Cordeliaburgh', 723),
(489, 'Boyer Stravenue', '786 Gennaro Place Apt. 847', 'jjit', 'East Bentonport', 691),
(490, 'Huels Canyon', '5123 Beahan Light', 'gfcp', 'Schimmelmouth', 507),
(491, 'Huel Meadows', '35982 Crooks Rapids', 'dpfv', 'Lake Jesse', 959),
(492, 'Frances Passage', '314 West Stream', 'snzp', 'North Kamren', 587),
(493, 'Karine Greens', '261 Nienow Ports Apt. 406', 'iuej', 'West Terrencestad', 467),
(494, 'Windler Highway', '741 Morissette Falls Suite 313', 'fnle', 'Kubview', 107),
(495, 'Abshire Coves', '7691 Aleen Crescent Apt. 084', 'jcov', 'West Travis', 125),
(496, 'Gerhold Port', '645 Jeramie Hills', 'osde', 'Wehnerport', 600),
(497, 'Jessica Branch', '0436 Lindgren Camp', 'bsye', 'Emmieville', 251),
(498, 'Maybelle Groves', '633 Rosario Knolls', 'dpmi', 'Schmittberg', 798),
(499, 'Stokes Fort', '508 Abernathy Plains Apt. 038', 'peaw', 'New Raoul', 365),
(500, 'Harber Parkways', '0209 Mayert View', 'fuxa', 'North Ewell', 87);

-- --------------------------------------------------------

--
-- Structure de la table `client`
--

CREATE TABLE `client` (
  `id` int(11) NOT NULL,
  `nom` varchar(255) NOT NULL,
  `prenom` varchar(255) NOT NULL,
  `email` varchar(255) NOT NULL,
  `telephone` varchar(13) NOT NULL,
  `createdAt` datetime NOT NULL DEFAULT current_timestamp()
) ENGINE=InnoDB DEFAULT CHARSET=latin1 COLLATE=latin1_swedish_ci;

--
-- Déchargement des données de la table `client`
--

INSERT INTO `client` (`id`, `nom`, `prenom`, `email`, `telephone`, `createdAt`) VALUES
(1, 'Mertz', 'Sabrina', 'gkoepp@example.org', '1-452-349-326', '1993-01-02 04:00:13'),
(2, 'Hills', 'Dejah', 'nrunolfsdottir@example.org', '(605)207-2256', '2018-12-21 11:33:31'),
(3, 'Little', 'Torrance', 'lemuel67@example.org', '400-554-0573x', '2015-09-21 08:46:33'),
(4, 'Nitzsche', 'Preston', 'araceli01@example.com', '09394270316', '2004-11-04 15:28:09'),
(5, 'Friesen', 'Dorthy', 'oupton@example.org', '659.206.6254', '2007-04-03 08:25:05'),
(6, 'Kihn', 'Ola', 'fadel.tamara@example.org', '644-361-5429', '1977-11-12 20:50:27'),
(7, 'Smith', 'Emile', 'kari96@example.org', '07351685700', '1996-07-05 13:54:13'),
(8, 'Hickle', 'Korbin', 'zena17@example.org', '069.752.5010x', '1973-01-30 19:53:16'),
(9, 'Feeney', 'Guy', 'blick.erika@example.org', '(249)463-9478', '1980-10-15 09:25:32'),
(10, 'Smitham', 'Burley', 'alison.simonis@example.org', '+80(8)7253100', '1985-09-11 23:49:09'),
(11, 'Mitchell', 'Nathaniel', 'becker.andy@example.net', '1-824-940-834', '2011-12-09 05:51:25'),
(12, 'Gibson', 'Kavon', 'effertz.elaina@example.com', '604-710-4389x', '2012-12-06 23:00:39'),
(13, 'Smith', 'Luella', 'uswaniawski@example.org', '1-137-349-214', '2017-04-14 03:35:19'),
(14, 'Heathcote', 'Eddie', 'mgrimes@example.org', '090-015-8272', '2021-12-21 12:31:03'),
(15, 'Mayert', 'Dakota', 'roob.emmanuelle@example.com', '875.685.7906', '1983-10-19 04:10:50'),
(16, 'Frami', 'Raymond', 'rosenbaum.noemy@example.org', '05669764653', '2014-04-04 17:30:21'),
(17, 'Towne', 'Colby', 'fadel.lina@example.net', '+80(7)0265407', '1991-03-19 09:17:51'),
(18, 'Rodriguez', 'Claudie', 'flo57@example.com', '08430168798', '1972-06-16 20:02:59'),
(19, 'Wyman', 'Benton', 'ethyl12@example.com', '773-329-8098', '1987-04-26 20:14:10'),
(20, 'Wiegand', 'Cora', 'shields.junius@example.org', '649.815.0260x', '2006-06-24 14:03:04'),
(21, 'Howell', 'Marcus', 'alice.berge@example.org', '958-516-9712', '1972-06-14 23:57:57'),
(22, 'McCullough', 'Benedict', 'carlo75@example.com', '970-128-1006x', '2018-10-17 23:28:40'),
(23, 'Russel', 'Gordon', 'grogahn@example.net', '03286547905', '1976-10-30 12:10:46'),
(24, 'Stanton', 'Ernestine', 'devin34@example.net', '325.444.3262x', '2018-04-16 08:29:35'),
(25, 'Maggio', 'Virginia', 'vmcclure@example.net', '(045)855-0833', '2021-10-26 02:38:48'),
(26, 'Bernhard', 'Rylan', 'paucek.eugene@example.net', '058-685-9913', '2004-01-31 21:22:43'),
(27, 'Mante', 'Macey', 'zboncak.elza@example.org', '01715881009', '1973-12-23 13:27:31'),
(28, 'Hegmann', 'Jeramy', 'treutel.henri@example.com', '1-479-874-020', '1972-07-25 23:52:41'),
(29, 'Jenkins', 'Leora', 'nolan.predovic@example.net', '+84(4)3357954', '1994-08-21 12:45:14'),
(30, 'Schneider', 'Karine', 'kenyatta61@example.net', '(906)237-8130', '2015-12-12 10:57:19'),
(31, 'Ortiz', 'Kristopher', 'oo\'keefe@example.net', '582-690-3566x', '1991-01-02 13:37:22'),
(32, 'Parisian', 'Darius', 'erdman.imogene@example.org', '802.104.3639x', '1998-01-05 23:35:47'),
(33, 'Berge', 'Kailey', 'abigail.halvorson@example.net', '(003)419-1716', '1989-07-13 01:04:54'),
(34, 'Farrell', 'Loma', 'leuschke.nyah@example.com', '927-748-5497', '1975-04-25 05:58:45'),
(35, 'Grady', 'Rosalee', 'dhilll@example.org', '(570)267-4495', '1983-08-11 05:18:25'),
(36, 'Sporer', 'Paige', 'chandler.smitham@example.com', '(927)113-7899', '1986-06-21 12:09:12'),
(37, 'Jacobs', 'Adam', 'henderson72@example.org', '06362425461', '2004-09-07 19:37:21'),
(38, 'Bauch', 'Chet', 'erdman.warren@example.com', '04690095857', '2020-11-11 04:33:37'),
(39, 'Flatley', 'Matt', 'barrows.micaela@example.org', '07037694582', '1981-09-21 19:13:27'),
(40, 'Anderson', 'Magdalena', 'tremblay.zander@example.org', '1-555-036-022', '2013-11-13 17:34:29'),
(41, 'Dickens', 'Shana', 'gward@example.org', '(110)492-8242', '1977-06-03 20:04:45'),
(42, 'Lowe', 'Rhoda', 'briana61@example.net', '052.836.9443x', '2002-12-24 19:05:12'),
(43, 'Willms', 'Austen', 'kobe25@example.com', '828-175-6898x', '2018-03-29 04:34:54'),
(44, 'Jenkins', 'Anita', 'wbednar@example.org', '285-322-6418x', '2014-08-29 06:25:57'),
(45, 'Homenick', 'Catherine', 'stanton.kyler@example.org', '02065156147', '1987-02-13 13:13:56'),
(46, 'Hermiston', 'Eula', 'benton.torphy@example.org', '(894)868-1226', '1994-11-03 04:27:50'),
(47, 'Harris', 'Felicita', 'botsford.jazmin@example.org', '1-855-098-747', '1971-02-07 00:16:42'),
(48, 'Purdy', 'Adela', 'luis02@example.org', '(694)884-4037', '1991-06-05 02:20:58'),
(49, 'Heaney', 'Cierra', 'queen.bartoletti@example.org', '+16(6)5545682', '2022-05-18 22:44:46'),
(50, 'Jacobs', 'Mavis', 'priscilla08@example.net', '(080)038-3157', '2017-02-25 03:28:05'),
(51, 'Upton', 'Cristal', 'karen.padberg@example.org', '(136)268-5138', '2008-07-04 13:32:16'),
(52, 'Brekke', 'Georgianna', 'freda35@example.org', '762-846-8412', '2011-11-04 01:43:41'),
(53, 'Windler', 'Roslyn', 'kevon.lueilwitz@example.org', '05047572579', '1994-05-20 15:24:19'),
(54, 'Weber', 'Rubie', 'wolff.jess@example.com', '(843)800-8325', '2005-06-26 19:46:40'),
(55, 'Kihn', 'Kory', 'una67@example.net', '+67(3)2373994', '2011-01-16 21:18:47'),
(56, 'Hane', 'Frederic', 'lauer@example.net', '1-443-008-591', '1981-08-17 08:22:53'),
(57, 'Wisoky', 'Ryder', 'fgaylord@example.net', '827.504.4702x', '1982-11-18 19:10:23'),
(58, 'Sporer', 'Cassidy', 'domenica87@example.org', '07260049116', '2012-07-30 04:06:15'),
(59, 'Murray', 'Arthur', 'margaretta.ruecker@example.net', '04182677970', '1982-03-28 20:03:02'),
(60, 'Auer', 'Aida', 'torrance39@example.com', '020-461-5849x', '1990-10-03 11:59:05'),
(61, 'Stamm', 'Taurean', 'nconroy@example.com', '019-505-9595', '2001-05-20 00:32:02'),
(62, 'Marks', 'Earl', 'brayan99@example.net', '551.610.4214', '1999-08-05 05:10:26'),
(63, 'Zieme', 'Triston', 'brown.meagan@example.org', '(845)319-7028', '2012-08-08 22:53:44'),
(64, 'Fadel', 'Andreane', 'rippin.pat@example.com', '1-270-330-218', '1978-03-03 06:06:27'),
(65, 'Lockman', 'Marielle', 'mitchell.amanda@example.com', '06891299892', '1997-07-23 05:01:45'),
(66, 'Langosh', 'Rick', 'lou91@example.net', '1-459-205-571', '2007-04-08 21:14:52'),
(67, 'Sawayn', 'Tomas', 'prosacco.georgiana@example.net', '09447895948', '1999-11-23 05:55:16'),
(68, 'Reichert', 'Bulah', 'lorenz83@example.org', '428.149.3661x', '2002-01-01 10:59:35'),
(69, 'Pfannerstill', 'Alva', 'sophie05@example.com', '362-215-2728x', '1996-08-15 22:29:43'),
(70, 'Mann', 'Genesis', 'cleo76@example.com', '00524968831', '2016-05-06 23:15:50'),
(71, 'Will', 'Dante', 'bernardo.ortiz@example.org', '+99(4)0607073', '2016-04-24 07:25:59'),
(72, 'Stracke', 'Lessie', 'abner32@example.com', '769.449.5336', '1999-04-17 01:14:22'),
(73, 'Simonis', 'Kacie', 'dubuque.ellsworth@example.net', '(801)699-2167', '1973-01-22 02:55:29'),
(74, 'Will', 'Sherman', 'smitham.shana@example.net', '528-776-8260x', '1976-01-28 04:48:37'),
(75, 'Rau', 'Federico', 'legros.marley@example.com', '642-103-5636', '1979-12-27 22:46:44'),
(76, 'Treutel', 'Herminia', 'fay.isaias@example.org', '182.906.6398x', '2008-08-29 17:04:08'),
(77, 'Reilly', 'Ciara', 'lbeatty@example.org', '479-085-5557', '2006-10-04 06:35:18'),
(78, 'Stehr', 'Marielle', 'vincenzo.schaden@example.org', '747.820.1815', '2006-09-09 18:59:32'),
(79, 'West', 'Justus', 'myra96@example.com', '690.366.8354', '1983-11-13 07:07:12'),
(80, 'Kautzer', 'Lucious', 'roscoe48@example.com', '861-369-0423x', '1972-06-04 17:48:01'),
(81, 'Haag', 'Alta', 'saige.cartwright@example.net', '050-185-2699x', '1988-06-06 01:57:37'),
(82, 'Jacobs', 'Trystan', 'lyda.cummerata@example.net', '060.790.7889x', '1999-02-19 05:35:39'),
(83, 'Koch', 'Eleanore', 'neil59@example.com', '+35(5)9934341', '1980-11-27 03:59:08'),
(84, 'O\'Kon', 'Lorena', 'fbeier@example.net', '1-314-580-773', '2008-11-28 22:16:29'),
(85, 'Donnelly', 'Mario', 'marquardt.deven@example.org', '222.481.9554x', '2005-10-13 15:18:27'),
(86, 'Leffler', 'Brenna', 'hamill.trent@example.net', '+56(0)9100860', '2002-11-11 23:26:09'),
(87, 'Lind', 'Camille', 'jakob.bins@example.net', '07796190028', '1980-07-20 05:54:49'),
(88, 'Doyle', 'Davion', 'nona.fay@example.org', '(460)207-2595', '1989-12-13 22:41:00'),
(89, 'Hauck', 'Darius', 'qwalker@example.net', '+24(6)1825751', '1994-12-15 05:08:34'),
(90, 'Reinger', 'Hermina', 'devon.huels@example.org', '540.694.3051x', '2013-01-01 17:59:37'),
(91, 'Skiles', 'Betsy', 'rita.brown@example.net', '+78(4)9885408', '2015-08-25 18:24:29'),
(92, 'Ullrich', 'Trevor', 'knader@example.com', '693.724.9937x', '2014-04-18 00:03:48'),
(93, 'Durgan', 'Estell', 'eboyer@example.com', '(489)218-2402', '2007-08-04 13:19:44'),
(94, 'Murray', 'Maudie', 'ybailey@example.com', '1-251-583-711', '1976-07-23 00:42:17'),
(95, 'Lowe', 'Zoe', 'qabshire@example.com', '1-966-519-513', '1987-04-12 17:38:14'),
(96, 'Abbott', 'Olaf', 'ondricka.giovanna@example.net', '690.372.7016', '1993-10-21 11:41:02'),
(97, 'Bogan', 'Sylvia', 'abreitenberg@example.net', '+24(7)6842272', '1983-03-13 19:05:06'),
(98, 'Koch', 'Antonette', 'kaleb.reilly@example.com', '890-987-8902x', '2007-06-23 19:37:01'),
(99, 'Adams', 'Ronny', 'gerson.lockman@example.org', '343.916.6115x', '1975-04-11 17:04:05'),
(100, 'Ankunding', 'Bridie', 'bwunsch@example.net', '1-170-438-065', '2021-01-07 04:06:13'),
(101, 'Buckridge', 'Gavin', 'armstrong.devonte@example.net', '536.773.7102x', '2006-10-21 10:28:27'),
(102, 'Paucek', 'Uriel', 'marc.stroman@example.net', '(575)868-2328', '1977-01-05 21:14:44'),
(103, 'Lynch', 'Brenden', 'emile.roberts@example.com', '01428067347', '2008-07-06 18:41:41'),
(104, 'Erdman', 'Micah', 'abby.bogan@example.org', '891-496-6419', '2017-03-27 13:33:46'),
(105, 'Brakus', 'Sallie', 'kschmidt@example.net', '460-913-5733', '1992-05-01 22:20:03'),
(106, 'Ferry', 'Itzel', 'johnston.creola@example.com', '344.618.1066x', '1978-01-24 08:25:27'),
(107, 'Jaskolski', 'Minnie', 'blaze78@example.org', '1-359-389-158', '1974-05-02 03:20:18'),
(108, 'Nader', 'Merlin', 'umuller@example.com', '439-445-4579', '1980-02-23 12:30:45'),
(109, 'Marks', 'Herman', 'wgutmann@example.net', '1-865-008-419', '1981-07-02 00:30:21'),
(110, 'Rohan', 'Hailee', 'alexandrea88@example.org', '(937)918-2561', '2001-12-01 23:34:58'),
(111, 'Wolff', 'Deon', 'don.hilll@example.com', '045.688.5952x', '1975-10-07 15:24:51'),
(112, 'Fritsch', 'Jesus', 'brionna.beatty@example.net', '1-866-900-346', '2021-08-01 21:18:06'),
(113, 'Swaniawski', 'Estefania', 'leonor87@example.com', '335.081.8717x', '1972-03-17 05:34:16'),
(114, 'Corkery', 'Norval', 'haley.lily@example.net', '1-673-116-762', '1992-06-28 20:27:43'),
(115, 'Moore', 'Libbie', 'andreanne.swaniawski@example.net', '219-849-5501', '1985-04-22 20:57:50'),
(116, 'Lowe', 'Tracy', 'odenesik@example.org', '396-610-3412x', '1972-07-28 19:57:33'),
(117, 'Zemlak', 'Maegan', 'vernie.howe@example.net', '1-759-441-385', '1990-08-04 12:49:56'),
(118, 'Borer', 'Alicia', 'umoen@example.com', '1-606-038-287', '1976-06-28 09:36:48'),
(119, 'Nicolas', 'Araceli', 'rice.stanton@example.net', '(859)871-9692', '1985-12-16 15:07:43'),
(120, 'Bayer', 'Gail', 'vernice.kilback@example.org', '1-559-940-466', '1987-10-02 12:27:21'),
(121, 'Mertz', 'Ross', 'helen41@example.org', '1-069-434-921', '1994-02-23 04:52:35'),
(122, 'Kuhic', 'Craig', 'zhayes@example.net', '(147)399-0138', '2000-02-11 00:47:57'),
(123, 'Friesen', 'Ray', 'kristy.conn@example.org', '897-906-9054x', '1999-03-06 14:11:03'),
(124, 'Champlin', 'Lourdes', 'elfrieda42@example.net', '08075639340', '1976-09-03 00:47:46'),
(125, 'Hammes', 'Ruben', 'sophia79@example.net', '+95(8)3422592', '1999-04-16 16:09:16'),
(126, 'Wiegand', 'Vita', 'milo.kuphal@example.org', '(311)948-8115', '1986-06-30 16:03:41'),
(127, 'Langosh', 'Carmelo', 'rico.pfannerstill@example.net', '(881)630-7906', '2001-06-23 03:28:49'),
(128, 'Dickinson', 'Oscar', 'augusta.conroy@example.net', '+47(9)0308799', '1972-08-27 00:05:11'),
(129, 'Christiansen', 'Kolby', 'nicole79@example.org', '155.798.4254x', '1980-12-04 12:17:56'),
(130, 'Pfannerstill', 'Della', 'rwolf@example.org', '007.192.8454x', '1975-10-22 22:51:46'),
(131, 'Hegmann', 'Andreane', 'cole.pasquale@example.net', '396.815.9813x', '2009-07-22 20:22:49'),
(132, 'Wisozk', 'Garrick', 'boehm.tanner@example.org', '+42(3)9294758', '2011-05-01 13:48:10'),
(133, 'Abbott', 'Janet', 'dkassulke@example.com', '(298)105-8085', '1970-11-01 23:58:25'),
(134, 'Boyer', 'Assunta', 'bettie63@example.org', '010-743-5497x', '1982-03-20 13:16:23'),
(135, 'Schimmel', 'Nyasia', 'mgibson@example.net', '1-976-111-385', '1977-07-01 14:09:18'),
(136, 'Champlin', 'Aliya', 'zackery.hoppe@example.net', '643.380.1644x', '1978-12-14 09:54:01'),
(137, 'Runte', 'Erling', 'scot.o\'reilly@example.net', '702-257-3287x', '2006-02-14 03:00:17'),
(138, 'Tillman', 'Sabrina', 'noble71@example.org', '1-962-502-394', '1978-03-14 03:29:35'),
(139, 'Hickle', 'Heber', 'carter.ottilie@example.net', '682-534-6766', '2008-03-11 12:06:26'),
(140, 'Breitenberg', 'Nedra', 'hcorkery@example.net', '(614)507-4777', '1981-06-26 07:37:18'),
(141, 'Mraz', 'Darrel', 'jeffrey60@example.com', '046.681.4210', '2006-09-09 03:03:04'),
(142, 'Moen', 'Edna', 'sipes.kyla@example.com', '233-081-6620x', '1973-07-12 22:21:52'),
(143, 'Huel', 'Keshaun', 'hammes.mitchel@example.com', '054-217-1263', '2008-04-22 18:53:51'),
(144, 'Mills', 'Else', 'khowell@example.com', '04467324880', '1973-02-20 03:13:33'),
(145, 'Lubowitz', 'Adriana', 'wbarton@example.com', '498.528.8195', '1992-08-08 11:08:59'),
(146, 'Hackett', 'Silas', 'jerad92@example.com', '639.265.9016x', '2013-02-13 00:15:11'),
(147, 'Lemke', 'Lennie', 'jazmin60@example.org', '(173)940-3234', '1978-01-17 22:46:43'),
(148, 'Witting', 'Candida', 'werner20@example.net', '320-432-2319x', '1987-11-08 16:02:31'),
(149, 'King', 'Waylon', 'schiller.richmond@example.org', '05872863617', '1985-05-21 05:17:38'),
(150, 'Douglas', 'Priscilla', 'general68@example.org', '1-080-136-800', '1990-09-13 07:54:12'),
(151, 'Walter', 'Ella', 'dana78@example.org', '01469931432', '2021-02-08 22:50:02'),
(152, 'Rowe', 'Keven', 'daphnee.schinner@example.org', '(808)386-1773', '1975-12-29 07:53:15'),
(153, 'Lang', 'Aida', 'vada68@example.net', '443.602.3591x', '2014-04-11 23:30:26'),
(154, 'Schmitt', 'Golden', 'reva.brekke@example.net', '678.553.8411x', '1997-03-16 17:52:04'),
(155, 'Shanahan', 'Francesco', 'garret50@example.org', '999-520-2422x', '1996-01-03 16:04:10'),
(156, 'Goodwin', 'Amparo', 'zbauch@example.org', '517.173.6944', '1976-02-02 05:41:58'),
(157, 'Feest', 'Kyle', 'boehm.shaina@example.net', '(248)898-9990', '1971-02-19 05:07:45'),
(158, 'Kihn', 'Emely', 'angus.huel@example.com', '049-695-7441', '1991-02-21 06:57:51'),
(159, 'Ferry', 'Harry', 'fkihn@example.com', '(481)672-8420', '1971-02-28 13:55:38'),
(160, 'Rodriguez', 'Alvah', 'tressie.windler@example.com', '1-509-542-542', '1997-11-04 22:22:59'),
(161, 'Rowe', 'Daniela', 'aquitzon@example.com', '(777)769-1588', '1971-10-19 12:43:43'),
(162, 'Dibbert', 'Carrie', 'pedro.ryan@example.net', '386.046.4429x', '2022-02-08 05:52:43'),
(163, 'Abshire', 'Marilie', 'hdonnelly@example.com', '(239)097-2988', '1977-01-30 11:16:42'),
(164, 'Feil', 'Jaqueline', 'theo.gutmann@example.org', '1-280-363-014', '1987-03-13 11:50:19'),
(165, 'Pfannerstill', 'Garrison', 'harmony.hauck@example.net', '179.645.7233x', '2014-12-10 00:34:10'),
(166, 'Konopelski', 'Jazmyn', 'nikki47@example.org', '1-733-141-395', '2020-01-05 20:53:54'),
(167, 'Hermann', 'Carolanne', 'rickie95@example.net', '1-555-315-333', '1982-09-06 14:41:24'),
(168, 'Marquardt', 'Talon', 'nicola.morissette@example.com', '636-310-4201x', '1989-08-12 03:40:40'),
(169, 'Jast', 'Otto', 'vivian.stamm@example.net', '536.256.4408', '2007-11-23 11:09:19'),
(170, 'Aufderhar', 'Rocio', 'paucek.judah@example.org', '683-989-9884x', '2011-06-30 20:42:36'),
(171, 'Schmitt', 'Vallie', 'thiel.shakira@example.net', '518.915.8011x', '2008-12-15 01:33:02'),
(172, 'Hamill', 'Marcelina', 'hintz.alaina@example.net', '(193)232-6938', '1993-03-27 03:47:30'),
(173, 'Waelchi', 'Sammie', 'emard.zula@example.net', '715-264-9173x', '1987-12-21 07:37:31'),
(174, 'Quigley', 'Moshe', 'holden69@example.net', '285-506-3088x', '1993-09-19 05:01:35'),
(175, 'Hane', 'Grayson', 'cgrady@example.org', '378-066-0279', '1970-11-02 23:49:28'),
(176, 'Jaskolski', 'Mireya', 'hbashirian@example.com', '+53(2)8378393', '2020-05-23 10:25:21'),
(177, 'Parisian', 'Ashleigh', 'vella.dicki@example.net', '1-007-809-963', '1977-03-15 09:54:26'),
(178, 'Gleichner', 'Willis', 'abecker@example.com', '1-200-396-290', '1995-10-23 11:22:17'),
(179, 'Mayert', 'Burnice', 'littel.durward@example.net', '788.016.1909x', '1982-01-27 12:59:14'),
(180, 'Simonis', 'Frida', 'heaney.caterina@example.org', '1-735-185-454', '1974-09-22 03:18:10'),
(181, 'Lubowitz', 'Nia', 'rempel.kaci@example.net', '482.420.6335', '1985-08-13 22:34:16'),
(182, 'Runolfsdottir', 'Jenifer', 'tressie.ankunding@example.org', '1-684-367-384', '2008-02-06 01:02:51'),
(183, 'Fahey', 'Lester', 'mona.larson@example.net', '(900)208-0891', '1980-07-16 12:22:50'),
(184, 'Considine', 'Talia', 'pswift@example.net', '1-906-737-242', '2022-05-18 02:11:07'),
(185, 'Swaniawski', 'Jena', 'sallie59@example.net', '1-571-999-078', '2011-04-14 09:04:21'),
(186, 'Kuhic', 'Josiah', 'eveline.runolfsson@example.net', '(676)865-6606', '1985-04-05 19:28:50'),
(187, 'Block', 'Marge', 'zulauf.max@example.com', '1-797-863-110', '2014-06-07 00:21:04'),
(188, 'Nikolaus', 'Nikki', 'cluettgen@example.net', '(271)710-1865', '1984-10-23 06:21:37'),
(189, 'Gusikowski', 'Dora', 'shanelle.hamill@example.com', '07428972006', '2018-06-25 17:53:26'),
(190, 'Schmeler', 'Frederique', 'delilah.lehner@example.org', '983.366.6297', '1987-08-22 07:30:14'),
(191, 'Dicki', 'Marley', 'nelle02@example.net', '734-772-5583x', '1976-01-12 06:31:34'),
(192, 'Flatley', 'Amy', 'brennan90@example.org', '1-606-984-474', '1993-06-25 23:41:00'),
(193, 'Schumm', 'Dayana', 'tbailey@example.net', '317.719.3229x', '1985-08-14 04:24:32'),
(194, 'Leffler', 'Rodrick', 'schumm.gunner@example.org', '+10(6)7191242', '2015-06-05 20:08:47'),
(195, 'O\'Connell', 'Jazmin', 'barton.dusty@example.org', '457.745.6625x', '1989-08-17 11:32:25'),
(196, 'Morissette', 'Al', 'nswift@example.com', '041-282-9636x', '2012-06-17 01:33:50'),
(197, 'Fay', 'Bernita', 'catharine73@example.net', '723.957.3826x', '1991-07-07 21:26:52'),
(198, 'Bayer', 'Urban', 'windler.murl@example.com', '1-164-706-111', '1994-11-25 15:08:44'),
(199, 'Gottlieb', 'Zaria', 'derdman@example.net', '116.981.4786x', '1992-06-09 20:36:08'),
(200, 'Berge', 'Dovie', 'alberta82@example.net', '1-625-447-808', '2002-09-06 22:55:01'),
(201, 'Price', 'Isaias', 'rowe.roman@example.net', '09894177952', '1993-03-19 11:47:46'),
(202, 'Breitenberg', 'Lenny', 'odell.torp@example.org', '(652)954-9625', '2003-07-04 18:23:59'),
(203, 'Hudson', 'Dennis', 'celia19@example.org', '844-522-2008x', '2001-12-16 09:18:30'),
(204, 'Koss', 'Retha', 'conroy.joan@example.com', '02789400045', '1985-08-11 19:58:47'),
(205, 'Romaguera', 'Jaylin', 'ryann60@example.com', '1-332-358-764', '1989-01-21 17:56:40'),
(206, 'Muller', 'Angela', 'mhowe@example.org', '1-714-721-879', '1980-03-09 07:08:15'),
(207, 'Langworth', 'Neha', 'herbert.beier@example.com', '253-916-6287x', '2006-09-04 20:05:56'),
(208, 'Herman', 'Celestino', 'thirthe@example.com', '08769395691', '2000-02-04 18:56:51'),
(209, 'Pollich', 'Geovany', 'ckeebler@example.net', '666-376-7643x', '1996-08-04 08:28:32'),
(210, 'Upton', 'Chris', 'wwatsica@example.com', '1-703-597-548', '1986-04-18 18:36:14'),
(211, 'Lehner', 'Hosea', 'wendell.johnston@example.com', '1-406-980-931', '1980-12-28 00:02:44'),
(212, 'Cummings', 'Darion', 'fcummerata@example.com', '(810)127-8986', '1996-07-02 01:19:20'),
(213, 'Zemlak', 'Claudia', 'oanderson@example.org', '294.175.9490x', '2011-11-12 09:46:33'),
(214, 'Hansen', 'Ayana', 'wuckert.mckenna@example.net', '398-267-2295x', '2008-10-09 02:51:05'),
(215, 'Lebsack', 'Schuyler', 'wolf.blanca@example.net', '176-557-3036x', '1983-07-09 14:04:58'),
(216, 'Kuphal', 'Murray', 'mcdermott.jordon@example.org', '(723)554-7642', '1980-07-11 02:12:27'),
(217, 'Marks', 'Claudia', 'milo.hagenes@example.net', '568.224.6102x', '2005-04-10 14:16:15'),
(218, 'Cummerata', 'Kirstin', 'nona.boyle@example.com', '884-176-3643x', '2002-03-04 10:56:34'),
(219, 'Mann', 'Alexane', 'nicholaus.gulgowski@example.net', '1-179-321-732', '2019-12-09 02:46:55'),
(220, 'Cormier', 'Constantin', 'astreich@example.net', '241.354.3758x', '1974-08-21 17:13:30'),
(221, 'Toy', 'Hardy', 'janice06@example.net', '958-047-3208x', '1971-04-20 11:06:14'),
(222, 'Stoltenberg', 'Joanie', 'verlie.kemmer@example.net', '452-253-5728', '1977-06-13 07:00:29'),
(223, 'Swift', 'Brant', 'jast.carlo@example.org', '+85(9)3354067', '2014-05-21 08:53:19'),
(224, 'Abshire', 'Cole', 'ndenesik@example.net', '+16(2)1085103', '1991-12-18 16:18:05'),
(225, 'McCullough', 'Leta', 'dasia.metz@example.com', '821-357-3131x', '1996-08-03 01:57:38'),
(226, 'Jenkins', 'Lance', 'franz.schroeder@example.net', '456.579.2143x', '2020-04-19 04:41:12'),
(227, 'Fadel', 'Gunnar', 'osinski.gideon@example.org', '04789322349', '1981-06-13 19:47:58'),
(228, 'Ward', 'Thaddeus', 'kayley.conroy@example.com', '(866)542-6902', '1986-03-16 04:46:36'),
(229, 'Rice', 'Armand', 'mable.cole@example.com', '709.285.2055', '1970-03-11 02:11:19'),
(230, 'Emard', 'Clarissa', 'everardo91@example.net', '(073)847-6463', '1991-10-01 13:03:02'),
(231, 'Volkman', 'Brendon', 'graham.mariane@example.org', '090.432.4647x', '1975-06-29 11:05:43'),
(232, 'Bailey', 'Jovani', 'luigi.keeling@example.com', '1-464-721-891', '2005-04-18 00:33:11'),
(233, 'Ritchie', 'Jaylon', 'cassidy.cartwright@example.net', '07548831927', '1996-03-28 02:59:16'),
(234, 'Lind', 'Darby', 'christina71@example.com', '(144)388-9634', '2011-09-29 12:44:24'),
(235, 'Kautzer', 'Bruce', 'kobe.runolfsson@example.net', '+00(9)1378425', '1973-10-17 10:49:54'),
(236, 'Huel', 'Velda', 'javier.cassin@example.net', '1-586-782-423', '2011-11-19 22:18:54'),
(237, 'Herman', 'Nia', 'haley.crawford@example.org', '01464558556', '1974-01-03 18:20:20'),
(238, 'Bauch', 'Eusebio', 'jast.antwon@example.org', '(987)522-9356', '1988-08-15 21:18:40'),
(239, 'Weissnat', 'Willa', 'hudson.sabina@example.com', '1-581-694-321', '2015-11-11 02:27:06'),
(240, 'Roberts', 'Dolores', 'bianka11@example.com', '958.426.7958x', '1982-06-18 18:24:29'),
(241, 'Lubowitz', 'Destinee', 'aspencer@example.org', '687.351.6490x', '2016-05-03 08:42:09'),
(242, 'Bernhard', 'Norris', 'damaris.block@example.com', '05408279208', '2009-06-13 03:35:56'),
(243, 'Bartell', 'Osbaldo', 'pearline.berge@example.net', '606-812-1975x', '1975-03-10 17:20:59'),
(244, 'Wiza', 'Destinee', 'antonetta.macejkovic@example.net', '912-951-7514x', '1980-09-16 03:07:21'),
(245, 'Runte', 'Janelle', 'samara.lowe@example.com', '(858)334-2901', '1974-06-24 16:39:06'),
(246, 'Kreiger', 'Osborne', 'rmraz@example.com', '(827)358-7523', '1977-07-05 13:01:35'),
(247, 'Welch', 'Norris', 'liana.rau@example.com', '(733)253-2125', '1972-02-11 11:00:23'),
(248, 'Abernathy', 'Ellie', 'koss.bennie@example.com', '185-790-3397', '1994-01-17 05:58:21'),
(249, 'Crona', 'Lester', 'molly18@example.org', '914-472-1558', '1976-05-16 20:52:15'),
(250, 'Bosco', 'Aurelie', 'laurine31@example.net', '1-506-111-369', '1999-06-27 16:26:14'),
(251, 'Lockman', 'Olaf', 'darron90@example.org', '(589)922-0373', '1970-02-19 01:15:07'),
(252, 'Howell', 'Vena', 'ericka24@example.net', '159-570-7420', '2010-05-08 22:56:44'),
(253, 'Gottlieb', 'Ezra', 'schneider.august@example.org', '598.400.3698x', '1990-09-05 20:21:26'),
(254, 'Wiegand', 'Amelie', 'abigale84@example.com', '1-995-602-150', '2016-03-19 11:00:32'),
(255, 'Lakin', 'Frederik', 'noemi.price@example.net', '+93(2)6938400', '1998-09-14 20:27:10'),
(256, 'Olson', 'Meggie', 'kassulke.lorna@example.com', '028-625-6447x', '2010-01-15 17:18:43'),
(257, 'Sporer', 'Betty', 'vilma76@example.net', '1-318-609-790', '1981-06-14 02:01:30'),
(258, 'Leuschke', 'Felipe', 'leland59@example.net', '494.547.0784x', '2019-07-18 18:07:19'),
(259, 'Hackett', 'Jazmin', 'katelin77@example.org', '(359)992-2140', '2021-03-19 22:42:38'),
(260, 'Schmeler', 'Isaiah', 'fruecker@example.org', '178.706.4439x', '2013-07-19 09:47:47'),
(261, 'Sipes', 'Susan', 'idell.gutmann@example.com', '(771)957-6572', '1997-03-10 15:15:53'),
(262, 'Metz', 'Tressa', 'morissette.zoila@example.com', '078.432.7496', '1974-06-26 14:29:44'),
(263, 'Reinger', 'Talia', 'nikki45@example.net', '972.046.7257x', '1970-06-19 13:36:00'),
(264, 'Little', 'Sylvan', 'katheryn.moore@example.com', '1-594-326-019', '1973-10-09 01:40:27'),
(265, 'Murazik', 'Isabel', 'mozell80@example.net', '02675287236', '1976-02-01 23:38:30'),
(266, 'Lehner', 'Brando', 'idaniel@example.org', '846.293.8530', '1987-01-27 17:20:33'),
(267, 'Vandervort', 'Alysa', 'nina.harber@example.net', '059-490-8327x', '2018-05-19 14:47:28'),
(268, 'Kemmer', 'Dejah', 'guadalupe44@example.com', '1-869-103-178', '2020-05-29 13:49:36'),
(269, 'Kilback', 'Denis', 'kolson@example.org', '1-975-686-870', '1980-03-23 17:02:06'),
(270, 'Rowe', 'Walton', 'vickie.nitzsche@example.org', '(300)012-4563', '2014-12-25 11:31:57'),
(271, 'Smith', 'Sage', 'geovanny93@example.com', '(763)564-9114', '2005-06-18 02:03:51'),
(272, 'Wyman', 'D\'angelo', 'yvette32@example.org', '(743)056-3326', '2003-01-02 16:56:23'),
(273, 'Johnston', 'Rosendo', 'daryl01@example.com', '(837)270-3731', '1987-10-07 11:40:26'),
(274, 'Johnston', 'Prudence', 'dickens.mya@example.net', '504-281-8779', '1992-11-21 22:50:07'),
(275, 'Boyer', 'Rashawn', 'uraynor@example.com', '(913)162-5959', '2019-10-05 10:13:06'),
(276, 'Dach', 'Wendy', 'ritchie.jorge@example.com', '1-754-725-204', '2018-02-17 22:45:37'),
(277, 'Ortiz', 'Kirk', 'elda29@example.net', '(424)155-2409', '2001-10-03 10:27:02'),
(278, 'Rath', 'Helmer', 'stan.schumm@example.net', '974-797-2134x', '1992-01-02 22:38:17'),
(279, 'Schamberger', 'Madalyn', 'hbeahan@example.com', '854-959-4223', '1986-12-21 04:53:34'),
(280, 'Dare', 'Daphne', 'white.christiana@example.net', '+17(3)7101402', '1982-09-30 21:50:59'),
(281, 'Terry', 'Otis', 'alarkin@example.com', '+94(8)6070522', '1971-06-16 20:55:02'),
(282, 'Raynor', 'Sigmund', 'lehner.lora@example.org', '586-669-8430x', '2013-01-02 10:16:26'),
(283, 'O\'Connell', 'Willa', 'cortez.luettgen@example.com', '1-417-433-863', '1986-07-16 21:05:32'),
(284, 'Sanford', 'Beth', 'francisco.heller@example.net', '1-092-026-680', '1978-06-10 08:03:40'),
(285, 'Rogahn', 'Asha', 'karina.nicolas@example.com', '06303078233', '2015-04-01 14:00:30'),
(286, 'Gerlach', 'Stephania', 'fleta76@example.com', '(707)881-8126', '2004-11-27 13:46:34'),
(287, 'Dickinson', 'Foster', 'zieme.gabriella@example.com', '(962)640-4527', '1974-11-04 01:55:36'),
(288, 'Schmidt', 'Janiya', 'nona99@example.com', '748-370-6051x', '2019-07-27 14:35:33'),
(289, 'Bednar', 'Leanna', 'eldred39@example.org', '+03(1)6317492', '1993-10-15 22:28:57'),
(290, 'Turner', 'Hassan', 'pzboncak@example.net', '111.928.4336x', '1983-10-23 17:43:35'),
(291, 'Ratke', 'Jonas', 'sporer.shirley@example.com', '304.376.1852x', '1978-01-24 23:26:55'),
(292, 'Gerhold', 'Cristian', 'mafalda.hermann@example.org', '+59(5)7970804', '2011-04-11 19:19:24'),
(293, 'Christiansen', 'Jamaal', 'schiller.coleman@example.net', '1-320-743-236', '1984-04-27 19:56:18'),
(294, 'Turner', 'Gianni', 'marquise03@example.org', '(771)029-0382', '1990-04-19 17:09:24'),
(295, 'Braun', 'Ola', 'sabryna11@example.org', '(000)109-9231', '1981-08-20 03:47:52'),
(296, 'O\'Kon', 'Elsie', 'ulices.lynch@example.org', '02410871422', '2010-10-11 17:13:48'),
(297, 'Mayer', 'Sophie', 'xdach@example.com', '707.224.6865x', '1978-04-22 06:18:51'),
(298, 'Hahn', 'Tillman', 'vbergnaum@example.com', '931.166.5952', '1998-08-06 13:16:16'),
(299, 'O\'Conner', 'Lavinia', 'frankie.hintz@example.net', '09729053649', '2011-11-08 00:00:27'),
(300, 'Konopelski', 'Annetta', 'remington43@example.com', '+08(9)5153277', '1987-05-23 02:09:34'),
(301, 'Quitzon', 'Stan', 'avery50@example.org', '204-739-6731x', '1971-11-12 17:17:09'),
(302, 'Becker', 'Ariel', 'onie64@example.org', '576-327-6071', '2007-05-01 06:44:25'),
(303, 'Hermann', 'Carmel', 'lambert58@example.net', '488-165-5882x', '1974-10-17 15:39:56'),
(304, 'Nicolas', 'Heaven', 'lesch.joaquin@example.net', '+82(1)0493779', '2011-03-05 03:48:51'),
(305, 'Kerluke', 'Ayla', 'weber.gilberto@example.com', '(993)417-7370', '1995-03-05 11:29:38'),
(306, 'Gutkowski', 'Brooklyn', 'jenifer.monahan@example.org', '(072)258-0591', '1998-08-17 23:33:25'),
(307, 'Purdy', 'Margarita', 'hgoldner@example.com', '1-494-784-744', '2019-05-23 20:45:46'),
(308, 'Welch', 'Brendon', 'schmeler.roman@example.com', '(464)867-4972', '1970-01-31 16:31:58'),
(309, 'Harvey', 'Casandra', 'funk.calista@example.org', '453-452-9983', '1979-06-20 18:31:52'),
(310, 'Ward', 'Waldo', 'june98@example.com', '1-341-859-453', '1982-04-02 05:43:41'),
(311, 'McClure', 'Fleta', 'gussie.steuber@example.com', '475.993.3722x', '2005-03-18 22:36:04'),
(312, 'Reichert', 'Calista', 'muriel.reichel@example.com', '289.620.3023', '2019-10-15 19:07:35'),
(313, 'Koch', 'Marie', 'janae29@example.org', '761-214-3547', '1991-05-16 19:32:54'),
(314, 'Upton', 'Arely', 'lilla47@example.net', '845.049.4923x', '2016-04-29 08:30:23'),
(315, 'Olson', 'Morgan', 'ressie34@example.net', '1-782-793-852', '1997-03-27 21:05:58'),
(316, 'Gerlach', 'Russel', 'dlegros@example.com', '1-082-783-729', '2015-06-02 21:48:39'),
(317, 'Sipes', 'Chandler', 'haskell10@example.net', '(024)560-1236', '2004-12-30 08:32:00'),
(318, 'Will', 'Eleanora', 'wkoelpin@example.org', '(759)532-9550', '1976-08-02 18:10:49'),
(319, 'Wiza', 'Selina', 'lisa.osinski@example.com', '(614)886-7105', '1981-07-09 23:35:02'),
(320, 'Cummings', 'Aylin', 'ozella.borer@example.net', '362.643.9239x', '1989-10-17 15:21:24'),
(321, 'Stoltenberg', 'Bernadine', 'feil.german@example.org', '428-735-6334x', '1999-04-02 16:37:41'),
(322, 'Kulas', 'Anissa', 'pollich.darrion@example.com', '+80(0)9435186', '2010-05-17 01:31:13'),
(323, 'Dietrich', 'Arturo', 'delaney22@example.com', '612-125-3296x', '2009-10-21 18:01:18'),
(324, 'Champlin', 'Alan', 'isaiah95@example.org', '660.758.6491x', '2010-07-26 14:07:09'),
(325, 'Gleason', 'Monty', 'auer.nakia@example.org', '03901775703', '1978-12-11 00:40:15'),
(326, 'Barton', 'Salvador', 'hyatt.josiah@example.com', '1-316-054-956', '1974-06-25 13:57:29'),
(327, 'Bergstrom', 'Aditya', 'monahan.garfield@example.org', '(010)359-8707', '2001-10-23 12:08:17'),
(328, 'Johnston', 'Erich', 'terry77@example.net', '08315348609', '1987-11-19 18:48:42'),
(329, 'Hyatt', 'Joannie', 'mariane29@example.com', '(955)740-0906', '1972-12-17 18:52:31'),
(330, 'Considine', 'Rosario', 'werner.stokes@example.org', '895.684.9843x', '1987-03-30 16:37:13'),
(331, 'Wiza', 'Arielle', 'vmurazik@example.org', '06904368248', '2016-02-15 13:06:43'),
(332, 'Waters', 'Cristopher', 'bethany16@example.net', '1-483-793-734', '2001-01-05 11:02:42'),
(333, 'Bernier', 'Jensen', 'zboncak.vena@example.com', '869-271-6432x', '2019-01-04 05:19:08'),
(334, 'Marquardt', 'Madeline', 'renee48@example.net', '(392)294-9722', '1993-01-16 20:19:21'),
(335, 'Hackett', 'Evalyn', 'rolfson.jayson@example.org', '058.208.4934x', '2007-09-07 04:41:23'),
(336, 'Miller', 'Mylene', 'douglas.travis@example.org', '+79(5)1253911', '1994-12-15 01:32:44'),
(337, 'O\'Connell', 'Alysa', 'smith.akeem@example.org', '(443)586-4537', '2011-01-04 15:28:21'),
(338, 'O\'Keefe', 'Demarcus', 'tremblay.delpha@example.net', '677.262.4899x', '1999-10-17 21:51:38'),
(339, 'Pfeffer', 'Tiffany', 'donavon.parker@example.org', '929-830-7947x', '2004-09-13 06:40:38'),
(340, 'Hessel', 'Johanna', 'fisher.wade@example.org', '07497327697', '1976-02-10 12:47:49'),
(341, 'Shanahan', 'Gladyce', 'grady.monserrat@example.com', '721.379.6611', '2015-07-31 18:50:36'),
(342, 'Ritchie', 'Julius', 'kaylah.d\'amore@example.com', '083.248.4175', '2009-07-16 02:18:19'),
(343, 'Considine', 'Ruben', 'vilma64@example.org', '(433)113-0537', '2008-03-23 16:27:27'),
(344, 'Casper', 'Llewellyn', 'nromaguera@example.net', '858-944-8388x', '1991-10-06 15:44:46'),
(345, 'Casper', 'Leonora', 'cloyd79@example.com', '+87(2)5480547', '2003-01-04 13:44:14'),
(346, 'Altenwerth', 'Myah', 'caitlyn26@example.com', '1-838-812-117', '2009-02-16 19:58:08'),
(347, 'Erdman', 'Clovis', 'nicklaus66@example.com', '799-484-1595x', '1985-10-12 00:23:56'),
(348, 'Christiansen', 'Alysson', 'gwaelchi@example.org', '1-218-355-386', '2002-03-25 01:48:20'),
(349, 'Schumm', 'Toni', 'ykulas@example.org', '671.010.0099', '1998-09-22 04:02:03'),
(350, 'Hyatt', 'Alexander', 'geovanny75@example.com', '+79(3)2829139', '2006-09-27 17:23:17'),
(351, 'Schaefer', 'Marge', 'landen29@example.net', '704.449.8900x', '1990-07-03 03:19:28'),
(352, 'Upton', 'Marcia', 'yvette96@example.com', '764-738-6567', '2017-07-11 03:30:46'),
(353, 'Parker', 'Orpha', 'mikayla52@example.net', '397-237-2635', '1986-05-07 10:01:49'),
(354, 'Runolfsson', 'Alexandra', 'pouros.coralie@example.net', '803-618-6237x', '1994-11-27 15:07:46'),
(355, 'Dietrich', 'Rosalee', 'rylee.crooks@example.net', '04943537517', '2011-08-08 20:27:00'),
(356, 'Klein', 'Jamel', 'zmayer@example.net', '(189)282-6769', '2014-12-25 03:29:24'),
(357, 'Hintz', 'Carson', 'nschamberger@example.net', '312.032.1789x', '1972-01-18 04:14:24'),
(358, 'Cremin', 'Martina', 'barton.baby@example.net', '437-461-4468x', '1982-05-11 01:36:45'),
(359, 'Deckow', 'Westley', 'abernathy.brigitte@example.org', '01376113014', '1981-10-18 19:48:05'),
(360, 'Will', 'Narciso', 'obernier@example.net', '344.275.1582x', '1983-04-17 03:38:01'),
(361, 'Stokes', 'Julianne', 'iprosacco@example.net', '(668)576-6781', '2005-02-08 03:09:54'),
(362, 'Paucek', 'Alec', 'luisa14@example.org', '144-188-4865x', '1997-07-27 04:52:34'),
(363, 'Treutel', 'Joesph', 'cpaucek@example.net', '(800)330-5921', '2002-02-16 11:12:21'),
(364, 'Mohr', 'German', 'heathcote.isabelle@example.org', '1-370-908-357', '1992-09-29 14:20:17'),
(365, 'Leffler', 'Lauren', 'candace.mertz@example.org', '078-971-0312x', '2022-02-12 09:04:47'),
(366, 'Bradtke', 'Rusty', 'nicolette58@example.com', '690-173-6159x', '1973-03-27 10:36:53'),
(367, 'Medhurst', 'Domingo', 'dsteuber@example.com', '+11(1)5091735', '1982-05-19 22:31:09'),
(368, 'Bergnaum', 'Armand', 'amelie69@example.net', '1-138-932-763', '1989-05-08 00:44:49'),
(369, 'Jaskolski', 'Antonina', 'kellie.sawayn@example.net', '(018)082-8071', '2001-12-19 11:23:40'),
(370, 'Bernier', 'Kaleigh', 'goyette.demarco@example.com', '07346188728', '2018-08-16 16:40:57'),
(371, 'Treutel', 'Ally', 'hettie52@example.org', '485-678-7539', '1981-01-25 10:42:42'),
(372, 'Kihn', 'Alexandra', 'claudia53@example.net', '+04(8)6173200', '2003-08-23 06:32:32'),
(373, 'Fay', 'Ignatius', 'wisoky.anna@example.net', '065.107.7589', '2002-05-15 04:34:42'),
(374, 'Bergstrom', 'Nia', 'ryleigh.abbott@example.net', '(968)290-1555', '2021-06-17 19:01:49'),
(375, 'Altenwerth', 'Einar', 'hartmann.john@example.org', '517.725.3746', '2019-07-02 11:38:33'),
(376, 'Goyette', 'Yessenia', 'szemlak@example.net', '761.167.5152x', '2002-07-28 09:46:49'),
(377, 'Kohler', 'Dominique', 'nedra.boehm@example.com', '1-644-686-566', '2007-05-15 12:23:52'),
(378, 'Gorczany', 'Lilly', 'milton71@example.net', '966-562-9088x', '2010-01-28 14:40:53'),
(379, 'Wintheiser', 'Hipolito', 'loraine17@example.org', '777.011.3910x', '1990-07-02 23:34:20'),
(380, 'Schinner', 'Tia', 'gboehm@example.org', '352-936-0467', '2020-10-10 07:08:32'),
(381, 'Goldner', 'Laurine', 'kstreich@example.net', '394.809.6001x', '1995-06-08 00:19:10'),
(382, 'Schoen', 'Mireille', 'nnader@example.org', '856.863.5193x', '1971-03-22 18:34:13'),
(383, 'Herman', 'Adan', 'nicolas.vergie@example.com', '02013876920', '2014-02-20 15:20:12'),
(384, 'Friesen', 'Gerhard', 'lkautzer@example.org', '(986)216-2585', '1985-08-28 19:47:03'),
(385, 'Bogan', 'Freddy', 'hudson.zoie@example.com', '(332)381-5544', '2008-10-06 22:08:36'),
(386, 'Pfeffer', 'Rozella', 'jordy.watsica@example.org', '349-641-3461', '1971-04-01 01:23:11'),
(387, 'Keebler', 'Daphney', 'lrolfson@example.com', '1-046-262-979', '1999-09-16 07:23:16'),
(388, 'Witting', 'Marvin', 'klubowitz@example.net', '(285)524-2703', '1980-02-15 19:24:10'),
(389, 'Kris', 'Shanna', 'asia.abshire@example.org', '622-520-1987x', '2016-07-18 19:10:15'),
(390, 'Schowalter', 'Samantha', 'jeffery37@example.org', '256-035-4867x', '1984-07-14 06:43:00'),
(391, 'Oberbrunner', 'Lilla', 'marjory.aufderhar@example.net', '149.700.1718x', '1984-07-26 10:44:38'),
(392, 'Bartoletti', 'Dameon', 'bo\'hara@example.net', '01730275332', '2021-09-03 01:59:51'),
(393, 'Lehner', 'Oren', 'luella.jacobs@example.net', '294.258.3609x', '2000-02-10 22:44:25'),
(394, 'Kuhic', 'Casimir', 'herta.blick@example.org', '360-670-3885x', '1975-07-22 00:32:51'),
(395, 'Collins', 'Easter', 'jeromy.paucek@example.com', '1-017-402-554', '1970-07-06 10:31:12'),
(396, 'Beatty', 'Myah', 'bcollier@example.com', '(253)144-6300', '1981-01-17 02:24:24'),
(397, 'Cartwright', 'Orval', 'andres.bergstrom@example.com', '1-999-045-335', '1976-11-19 17:30:24'),
(398, 'Sawayn', 'Elvis', 'kuvalis.jaeden@example.com', '00657274948', '2015-10-29 04:45:09'),
(399, 'Feil', 'Taylor', 'osinski.leonardo@example.org', '559.188.2649x', '1972-10-07 04:27:41'),
(400, 'Herzog', 'Simeon', 'rupert.weber@example.org', '+86(3)1392064', '1979-04-05 08:20:05'),
(401, 'Vandervort', 'Sandrine', 'ally.lemke@example.com', '+06(4)7239439', '1995-01-07 09:11:21'),
(402, 'Schultz', 'Kenton', 'iheidenreich@example.org', '07445236363', '1994-01-15 11:23:53'),
(403, 'Sauer', 'Marisol', 'schinner.fern@example.org', '938.336.1995', '1994-03-23 11:47:50'),
(404, 'Barton', 'Tyrese', 'mattie.grady@example.net', '977-175-2645x', '2006-11-21 09:53:36'),
(405, 'Green', 'Ruben', 'qschamberger@example.org', '1-006-292-361', '2002-03-22 03:41:35'),
(406, 'Ratke', 'Francesco', 'jewell.kihn@example.org', '1-286-792-332', '2021-01-17 11:07:37'),
(407, 'Senger', 'Camylle', 'shayne.ruecker@example.com', '+62(3)9659846', '1989-08-06 01:08:26'),
(408, 'O\'Conner', 'Aniya', 'mschultz@example.org', '177-925-9088x', '2007-08-12 09:09:22'),
(409, 'Cassin', 'Velma', 'marcelle.padberg@example.net', '(642)523-7217', '2012-04-02 19:50:00'),
(410, 'Pacocha', 'Claude', 'ziemann.geo@example.net', '022.488.6109', '2015-05-24 17:34:02'),
(411, 'Kihn', 'Antonia', 'btreutel@example.net', '328-464-0481', '2022-06-04 23:01:39'),
(412, 'Jerde', 'Sylvan', 'okuneva.willy@example.net', '715.371.8568', '1997-08-15 22:04:34'),
(413, 'Johnston', 'Amir', 'kylie.rolfson@example.net', '210-083-1107x', '2009-04-13 20:23:39'),
(414, 'White', 'Kendall', 'lgrady@example.com', '(867)347-9803', '1992-12-27 06:45:53'),
(415, 'Connelly', 'Marlen', 'tblanda@example.org', '426-962-2404x', '2011-07-20 15:19:46'),
(416, 'Armstrong', 'Fletcher', 'sebastian.roberts@example.com', '405.960.9162x', '1979-06-18 19:46:49'),
(417, 'Terry', 'Chadrick', 'katherine52@example.net', '(743)286-2899', '1970-07-12 02:27:50'),
(418, 'Howe', 'Lenora', 'jermain.pollich@example.org', '273-353-3190x', '1972-04-10 10:13:30'),
(419, 'Fadel', 'Cielo', 'kade17@example.com', '05699104406', '1990-06-08 13:31:18'),
(420, 'Corkery', 'Vince', 'leuschke.vilma@example.net', '1-823-100-797', '2021-07-16 10:01:35'),
(421, 'Gulgowski', 'Annabel', 'o\'conner.nathanael@example.com', '684.816.7957', '1997-02-14 17:37:27'),
(422, 'Morissette', 'Gerson', 'tina93@example.com', '(230)996-8983', '1995-10-06 20:56:21'),
(423, 'O\'Reilly', 'Russel', 'green.gerard@example.com', '(333)963-6132', '2013-06-04 19:12:56'),
(424, 'Hegmann', 'Alaina', 'kylie.watsica@example.net', '393-792-0812', '1995-03-13 16:07:24'),
(425, 'Hauck', 'Helga', 'lucile.walsh@example.com', '826.195.0297', '1991-01-23 09:15:45'),
(426, 'Kunze', 'Lysanne', 'considine.cordie@example.com', '984.149.5899x', '2020-09-29 21:01:08'),
(427, 'Wyman', 'Esperanza', 'sanford.mccullough@example.net', '923.228.7074x', '1970-08-30 09:38:33'),
(428, 'Nienow', 'Colten', 'bennett26@example.org', '480.303.6406', '2017-04-06 04:16:02'),
(429, 'Gottlieb', 'Dennis', 'hahn.vallie@example.org', '1-898-976-235', '1992-07-02 02:52:26'),
(430, 'Lubowitz', 'Nico', 'zgutkowski@example.com', '1-136-119-699', '1980-03-05 10:32:21'),
(431, 'Becker', 'Mireya', 'little.simone@example.org', '716.824.0654', '1989-02-13 19:15:11'),
(432, 'Kerluke', 'Reid', 'nicklaus38@example.org', '277.955.3925x', '2016-05-15 12:15:05'),
(433, 'Hodkiewicz', 'Jerel', 'bernice43@example.org', '782.508.9980', '1990-06-28 08:03:26'),
(434, 'Hilll', 'Ashtyn', 'considine.junius@example.org', '527-015-7251x', '2005-09-16 15:22:29'),
(435, 'Lockman', 'Loyce', 'barton70@example.net', '+65(3)1912815', '2014-04-29 17:51:51'),
(436, 'Vandervort', 'Kevon', 'bzulauf@example.org', '200.609.3002x', '1990-09-03 18:46:36'),
(437, 'Bartoletti', 'Alysa', 'emmerich.alexa@example.com', '06617361887', '1989-01-18 00:51:26'),
(438, 'Bogan', 'Virgie', 'maudie91@example.net', '359-527-0928x', '2006-02-12 19:29:59'),
(439, 'Witting', 'Aileen', 'giovanny.bartoletti@example.net', '+36(0)7234430', '2019-04-16 05:45:16'),
(440, 'Skiles', 'Holden', 'margaret.ankunding@example.com', '553-124-4764x', '2001-10-29 06:37:21'),
(441, 'Purdy', 'Cordia', 'qschaefer@example.com', '120.522.4669', '2020-11-17 02:15:49'),
(442, 'Aufderhar', 'Quincy', 'christiana89@example.net', '08716972878', '2013-10-25 21:53:52'),
(443, 'McCullough', 'Angel', 'jbrekke@example.net', '942.935.1427', '1992-06-21 19:52:52'),
(444, 'Reinger', 'Meagan', 'swift.markus@example.com', '1-725-490-401', '1970-12-15 01:21:50'),
(445, 'Hettinger', 'Wilson', 'yupton@example.org', '(823)054-6721', '1991-06-04 15:27:18'),
(446, 'Bartell', 'Natasha', 'jerome92@example.org', '827.778.3070x', '2010-04-28 16:22:36'),
(447, 'Prosacco', 'Lindsey', 'hildegard.hegmann@example.com', '+89(5)0309034', '2004-03-14 00:17:21'),
(448, 'Hamill', 'Ellsworth', 'mohr.elvis@example.com', '475-245-1271x', '1980-09-05 05:31:37'),
(449, 'Dickens', 'Halie', 'weber.stewart@example.net', '053.949.1923x', '2018-05-14 21:54:26'),
(450, 'Kutch', 'Diego', 'jerrold12@example.com', '027-125-9933x', '1992-07-15 02:01:13'),
(451, 'VonRueden', 'Tyra', 'o\'kon.freda@example.com', '102.963.8516x', '1980-07-28 12:48:54'),
(452, 'Considine', 'Penelope', 'wilderman.quincy@example.net', '462-875-9010x', '1974-01-21 05:30:43'),
(453, 'Kessler', 'Nyasia', 'alta.frami@example.net', '1-545-000-345', '1971-01-06 17:30:34'),
(454, 'Fahey', 'Jacquelyn', 'prince.reichel@example.com', '237.965.7591', '1978-07-14 10:53:35'),
(455, 'Wunsch', 'Stefan', 'cummings.geovany@example.com', '786-348-9703', '2018-12-21 03:45:04'),
(456, 'King', 'Coralie', 'maybell31@example.org', '962.854.8783x', '1993-02-23 03:30:41'),
(457, 'Harber', 'Twila', 'raynor.guillermo@example.net', '1-558-308-546', '2018-03-01 06:00:11'),
(458, 'Brakus', 'Daron', 'trevor.rice@example.com', '171-521-3471', '1996-10-29 10:42:59'),
(459, 'Runolfsson', 'Pete', 'erdman.angie@example.org', '+21(9)2210078', '1978-09-06 02:30:28'),
(460, 'Botsford', 'Javier', 'zulauf.norene@example.com', '+62(0)4806066', '2016-02-10 19:28:53'),
(461, 'Kiehn', 'Sammy', 'vern07@example.org', '(966)014-3333', '1984-08-15 23:35:42'),
(462, 'Parisian', 'Abagail', 'danielle.gulgowski@example.com', '1-497-620-479', '1995-05-23 17:54:04'),
(463, 'Gulgowski', 'Enrique', 'orn.kyler@example.org', '1-177-501-921', '2014-09-22 19:32:48'),
(464, 'Barton', 'Magali', 'aidan18@example.net', '898.192.9104', '2001-03-16 22:05:49'),
(465, 'Reinger', 'Colt', 'hertha.jaskolski@example.org', '+15(8)1356689', '2001-07-06 02:25:11'),
(466, 'Sauer', 'Aidan', 'tremblay.adell@example.com', '(378)735-1280', '1973-03-25 20:05:22'),
(467, 'Ferry', 'Brycen', 'lynn59@example.com', '1-830-329-677', '1985-12-25 17:58:55'),
(468, 'Bernier', 'Gerard', 'edgar60@example.com', '+97(4)7435822', '1984-11-18 11:42:00'),
(469, 'Haley', 'Austin', 'lillian80@example.net', '941.144.2790x', '1989-06-29 09:10:00'),
(470, 'Ward', 'Lauretta', 'tyrique80@example.net', '1-366-784-913', '1994-08-08 13:28:06'),
(471, 'Ferry', 'Beryl', 'gtrantow@example.net', '636.463.1527x', '2018-07-23 05:55:01'),
(472, 'Lind', 'Jalen', 'huel.crystal@example.org', '606-062-1025x', '1996-11-15 05:14:07'),
(473, 'Yundt', 'Colleen', 'katharina26@example.com', '(742)149-6060', '1991-12-21 21:05:42'),
(474, 'Legros', 'Nico', 'lhegmann@example.com', '(730)447-1024', '1997-11-28 16:35:05'),
(475, 'Nikolaus', 'Kelsi', 'ferry.brady@example.net', '1-347-584-101', '2008-08-08 10:55:28'),
(476, 'Predovic', 'Aurelio', 'lwitting@example.com', '136-434-7161', '1996-09-09 15:42:00'),
(477, 'Hodkiewicz', 'Mustafa', 'reid.kub@example.org', '507-825-5931x', '1990-12-19 05:31:57'),
(478, 'Balistreri', 'Betsy', 'welch.albertha@example.org', '(027)935-1328', '1992-04-17 10:41:40'),
(479, 'Heathcote', 'Obie', 'ledner.fausto@example.com', '1-008-108-919', '1999-11-11 04:47:04'),
(480, 'Kuhlman', 'Blake', 'thiel.angelo@example.net', '893-859-0569', '1992-07-07 09:46:31'),
(481, 'Moen', 'Adelbert', 'akshlerin@example.org', '03957838330', '1980-06-14 19:44:20'),
(482, 'Morar', 'Aidan', 'jakubowski.jakob@example.net', '459-739-7272x', '2010-01-23 18:47:14'),
(483, 'Towne', 'Giles', 'zlehner@example.net', '1-055-232-632', '1983-10-16 13:18:32'),
(484, 'Prosacco', 'Marilyne', 'padberg.shemar@example.com', '09822152944', '1982-05-23 18:50:32'),
(485, 'Gislason', 'Jamil', 'goyette.aliza@example.org', '443.051.0306x', '2000-01-13 14:39:23'),
(486, 'Hickle', 'Cristian', 'ygoodwin@example.org', '1-804-297-916', '1981-02-28 20:32:11'),
(487, 'Nikolaus', 'Reta', 'terrill52@example.com', '141.136.2198x', '1977-05-10 01:30:11'),
(488, 'Roberts', 'Richie', 'bailee.torphy@example.net', '(821)268-1711', '1993-01-31 09:55:43'),
(489, 'Weber', 'Bailee', 'alfredo34@example.com', '109.745.1248x', '1993-07-10 05:43:56'),
(490, 'Turner', 'Thea', 'cayla.flatley@example.com', '(825)004-7231', '2011-09-02 21:01:02'),
(491, 'Russel', 'Nellie', 'o\'hara.dulce@example.net', '939.580.6766x', '1995-09-09 19:27:56'),
(492, 'Weber', 'Shanna', 'lucy48@example.com', '114-227-8639x', '2009-01-20 17:46:11'),
(493, 'Harber', 'Hollis', 'sadye33@example.org', '+15(9)2795465', '1993-05-19 21:43:04'),
(494, 'Kihn', 'Malika', 'geffertz@example.net', '937.315.9822x', '1986-10-31 12:33:34'),
(495, 'Weimann', 'Angeline', 'aliyah94@example.com', '1-252-328-317', '1972-09-02 14:45:05'),
(496, 'Kemmer', 'Christa', 'aliza93@example.com', '478-414-4453', '2012-07-03 21:24:33'),
(497, 'Metz', 'Burley', 'lea.berge@example.net', '06006512049', '2002-10-27 23:14:31'),
(498, 'Hane', 'Dorothy', 'white.cole@example.org', '133-790-2068x', '2013-08-21 12:43:11'),
(499, 'Conroy', 'Geraldine', 'gfritsch@example.com', '854.069.4849x', '2003-01-18 22:05:42'),
(500, 'DuBuque', 'Cleta', 'zkessler@example.org', '+83(8)0394672', '1976-09-01 09:29:20'),
(501, 'Casper', 'Dudley', 'kendra43@example.net', '(733)720-8084', '1974-02-08 03:53:20'),
(502, 'Beer', 'Nicholas', 'michaela.waters@example.net', '388.770.0303', '1999-09-05 20:39:43'),
(503, 'Mante', 'Camron', 'lorena76@example.net', '1-058-225-859', '1990-05-29 01:51:30'),
(504, 'Haag', 'Allene', 'alexandra22@example.com', '665-432-1356x', '2001-10-28 08:26:18'),
(505, 'Von', 'Tony', 'oleta06@example.com', '1-757-618-166', '2021-09-09 05:31:21'),
(506, 'Lynch', 'Rosetta', 'hane.myrl@example.com', '955-927-1501', '1972-02-21 10:09:06'),
(507, 'Reilly', 'Zackery', 'therzog@example.com', '1-642-163-778', '1997-08-21 22:44:25'),
(508, 'Walter', 'Rebeca', 'manley61@example.com', '469-852-7980x', '2009-09-18 02:30:30'),
(509, 'Wintheiser', 'Wade', 'denesik.cordelia@example.org', '+84(5)2323786', '1971-11-05 23:13:56'),
(510, 'Abbott', 'Tyra', 'ignatius40@example.org', '(839)440-2041', '1976-04-14 10:36:06'),
(511, 'Jast', 'Felicity', 'bauch.estella@example.com', '158-222-1155x', '2004-09-21 00:50:07'),
(512, 'Zulauf', 'Noble', 'keven.orn@example.com', '270.215.7879x', '2008-02-11 10:32:44'),
(513, 'Murazik', 'Donato', 'ward.kiley@example.com', '502-402-3992x', '2006-01-22 01:08:51'),
(514, 'Okuneva', 'Tre', 'qshields@example.com', '640-671-4084x', '1978-04-09 10:14:57'),
(515, 'Nader', 'Kiera', 'fcorkery@example.org', '1-161-099-829', '2003-07-09 06:41:59'),
(516, 'Champlin', 'Nathen', 'roselyn32@example.net', '1-460-310-852', '2017-10-28 10:31:11'),
(517, 'Bernhard', 'Katelyn', 'evelyn45@example.com', '475-926-9675x', '1994-03-21 01:40:40'),
(518, 'Hyatt', 'Aliza', 'alfredo09@example.net', '304-912-5527x', '1997-12-27 00:43:35'),
(519, 'Von', 'Ruthie', 'jjacobi@example.net', '1-992-818-620', '1987-03-09 03:33:47'),
(520, 'Kiehn', 'Beatrice', 'jerrold62@example.org', '(625)352-5898', '2011-01-06 19:16:47'),
(521, 'Price', 'Margie', 'tyson.watsica@example.org', '1-128-628-179', '1991-11-18 18:05:37'),
(522, 'Gutkowski', 'Else', 'marquardt.keshaun@example.com', '(310)510-1924', '1990-08-20 19:09:26'),
(523, 'Jerde', 'Rylee', 'bridie.herman@example.org', '1-161-311-605', '2010-06-14 04:51:16'),
(524, 'Ullrich', 'Freda', 'okuneva.tatyana@example.com', '1-894-889-113', '2013-11-11 16:18:30'),
(525, 'Johns', 'Margarita', 'kreiger.dennis@example.org', '01634351213', '2019-05-18 23:26:11'),
(526, 'Kertzmann', 'Loyal', 'schaefer.lysanne@example.com', '1-732-182-926', '1988-02-01 04:32:08'),
(527, 'DuBuque', 'Chelsea', 'harrison.bernier@example.net', '999.392.1274x', '1995-01-11 07:57:42'),
(528, 'Metz', 'Roxane', 'uokuneva@example.net', '201.351.4668x', '1986-11-05 10:11:57'),
(529, 'Larkin', 'Beatrice', 'trantow.lavina@example.org', '(819)166-0909', '2017-11-08 08:29:24'),
(530, 'Breitenberg', 'Jaylon', 'schaefer.aliza@example.org', '826-515-1400', '1980-02-05 22:32:02'),
(531, 'Mann', 'Chaz', 'littel.oral@example.com', '1-106-539-118', '1972-08-28 19:10:42'),
(532, 'Hodkiewicz', 'Paris', 'boyd.wolf@example.net', '05807161345', '1985-08-22 08:33:59'),
(533, 'Kris', 'Coby', 'herman.weimann@example.org', '08027814118', '1976-02-29 16:11:34'),
(534, 'Blick', 'Davon', 'considine.delpha@example.com', '09077695649', '1989-02-16 01:44:45'),
(535, 'DuBuque', 'Angeline', 'abigale.blanda@example.org', '(394)587-0068', '1990-11-20 23:29:01'),
(536, 'Williamson', 'Juana', 'wiegand.marcellus@example.org', '06894095970', '1998-01-15 05:37:03'),
(537, 'Connelly', 'Louvenia', 'shaylee91@example.net', '+00(3)6268652', '2004-01-21 20:44:25'),
(538, 'Wolf', 'Dino', 'zdickinson@example.com', '1-961-756-787', '1971-02-06 14:18:52'),
(539, 'Beahan', 'Maximus', 'brayan97@example.com', '341.325.4835', '2007-05-17 08:51:49'),
(540, 'Braun', 'Winnifred', 'jones.carolanne@example.net', '528-965-2824', '1984-04-28 07:20:50'),
(541, 'Durgan', 'Sandra', 'hattie.gleason@example.net', '1-571-626-389', '1971-09-19 22:29:52'),
(542, 'Klein', 'Alexandrea', 'audra.treutel@example.org', '930.803.6659x', '1987-10-18 23:06:54'),
(543, 'Fahey', 'Corbin', 'christiansen.mario@example.com', '1-570-371-838', '2010-03-03 11:34:08'),
(544, 'Kuhlman', 'Berenice', 'fisher.torrey@example.com', '(230)961-5912', '1977-07-20 14:33:01');
INSERT INTO `client` (`id`, `nom`, `prenom`, `email`, `telephone`, `createdAt`) VALUES
(545, 'Yost', 'Kiara', 'rippin.nona@example.net', '1-963-780-296', '2011-03-29 21:21:05'),
(546, 'Schroeder', 'Jessyca', 'hermann.alba@example.net', '1-810-728-280', '1994-08-15 10:45:31'),
(547, 'Bins', 'Xzavier', 'kgulgowski@example.com', '02310305505', '2004-03-21 22:34:04'),
(548, 'Yost', 'Loyal', 'zblanda@example.org', '05332368560', '2004-07-05 18:18:19'),
(549, 'Brakus', 'Madyson', 'giovanny34@example.com', '+48(3)9135850', '2014-01-28 16:16:53'),
(550, 'Gusikowski', 'Kyle', 'aharber@example.net', '(868)019-1412', '1997-03-05 02:49:42'),
(551, 'Bode', 'Jakob', 'sleannon@example.com', '141-458-7798', '2020-10-19 13:12:46'),
(552, 'Kutch', 'Jennie', 'koch.maritza@example.net', '+34(3)7948013', '1994-11-30 23:42:45'),
(553, 'Schiller', 'Garnett', 'zfritsch@example.com', '1-573-327-152', '1978-08-04 02:47:37'),
(554, 'Hoeger', 'Larissa', 'ukiehn@example.org', '1-826-874-752', '2015-01-22 14:03:46'),
(555, 'Gutkowski', 'Grant', 'claude.gibson@example.com', '+59(2)2551218', '2001-10-13 08:58:18'),
(556, 'Spinka', 'Nicholas', 'tianna.koelpin@example.net', '(826)932-0181', '2012-02-29 21:54:04'),
(557, 'Bergnaum', 'Koby', 'knienow@example.net', '05273935361', '1990-08-10 09:26:58'),
(558, 'Howe', 'Barry', 'joyce.stanton@example.com', '(490)174-8734', '2013-02-03 14:45:54'),
(559, 'Moore', 'Orion', 'emie74@example.com', '(658)036-1504', '1977-07-20 09:07:22'),
(560, 'Yost', 'Columbus', 'breanne33@example.com', '(131)430-7934', '1993-04-29 19:25:13'),
(561, 'Schmitt', 'Kelsie', 'rickey19@example.com', '(277)448-0241', '1998-08-27 18:40:40'),
(562, 'Bogisich', 'Lisandro', 'yhessel@example.com', '633-419-5815', '2008-07-21 15:06:07'),
(563, 'Nitzsche', 'Boyd', 'fay.rodriguez@example.org', '(981)785-4653', '2012-11-20 18:55:53'),
(564, 'McGlynn', 'Vernon', 'kelsie.kohler@example.org', '1-614-371-866', '2021-01-20 17:06:56'),
(565, 'Abshire', 'Melba', 'nayeli.jakubowski@example.net', '436-081-7354x', '1990-04-30 01:27:55'),
(566, 'Feeney', 'Flavio', 'bart.hirthe@example.org', '685-191-5396x', '2008-09-15 11:11:13'),
(567, 'Tillman', 'Lucy', 'gmante@example.org', '666.064.8494x', '2006-08-20 05:35:44'),
(568, 'Paucek', 'Margarett', 'treva50@example.net', '214.918.5778', '2006-09-10 18:17:02'),
(569, 'Huel', 'Sebastian', 'gwen86@example.org', '816-532-6406', '2008-03-29 14:52:47'),
(570, 'King', 'Valentine', 'west.shanel@example.com', '373.766.1140', '1993-05-29 21:55:42'),
(571, 'Aufderhar', 'Tiffany', 'maddison.adams@example.org', '03586712584', '2018-01-16 13:26:07'),
(572, 'Conn', 'Kayla', 'dwill@example.com', '(004)552-1937', '1997-04-16 01:31:31'),
(573, 'Homenick', 'Josianne', 'qvonrueden@example.com', '1-126-187-589', '1997-02-15 12:47:33'),
(574, 'Daugherty', 'Keith', 'thiel.rashad@example.com', '1-930-276-256', '2003-09-04 08:14:55'),
(575, 'Conroy', 'Ron', 'lue.stanton@example.org', '+44(1)6236705', '1975-11-06 02:49:01'),
(576, 'Kreiger', 'Luther', 'haag.rebeka@example.net', '1-261-786-908', '1981-11-12 08:21:19'),
(577, 'Ward', 'Serenity', 'jayde68@example.com', '566-695-2453x', '2013-02-22 18:18:53'),
(578, 'Zboncak', 'Elliott', 'giles.farrell@example.com', '00161672764', '2004-04-09 06:03:13'),
(579, 'Gibson', 'Thelma', 'mdicki@example.com', '(422)784-6528', '1973-09-29 07:31:05'),
(580, 'Barton', 'Donald', 'wilkinson.evalyn@example.org', '1-436-691-484', '2016-10-29 05:22:00'),
(581, 'Koepp', 'Rudolph', 'frogahn@example.org', '(217)831-4407', '2009-07-12 14:22:36'),
(582, 'Kling', 'Lloyd', 'dorthy.lemke@example.net', '1-381-194-121', '2009-11-18 02:12:04'),
(583, 'Armstrong', 'Vincenza', 'tania.larson@example.com', '(234)287-1650', '2017-06-14 01:27:48'),
(584, 'Thiel', 'Precious', 'guy.durgan@example.net', '715.942.4532', '2017-07-15 17:37:44'),
(585, 'Sawayn', 'Blaze', 'helena.kuhn@example.net', '+05(3)6580694', '1994-05-20 10:27:35'),
(586, 'Hills', 'Tyson', 'kunze.may@example.org', '588.930.0965', '1997-07-28 02:52:03'),
(587, 'Torphy', 'Anya', 'curtis67@example.com', '733-429-3894', '2010-12-12 09:18:52'),
(588, 'Armstrong', 'Brook', 'martine.flatley@example.net', '(608)173-7125', '2020-12-21 04:02:37'),
(589, 'Gerhold', 'Alysa', 'shane.gerhold@example.org', '679-353-4622', '2009-11-30 23:15:08'),
(590, 'Rice', 'Elton', 'paolo.koelpin@example.org', '028.455.1244', '1982-07-29 23:48:23'),
(591, 'Shanahan', 'Milo', 'hintz.melyna@example.com', '(303)204-6910', '1993-12-14 02:01:52'),
(592, 'Rice', 'Abigayle', 'darrell.okuneva@example.com', '09551128395', '2017-02-12 06:01:43'),
(593, 'Schmitt', 'Otto', 'psatterfield@example.net', '696.033.8040x', '2013-04-02 11:07:23'),
(594, 'Senger', 'Jordan', 'karley53@example.com', '(069)822-0232', '1989-08-30 08:44:54'),
(595, 'Hermann', 'Sylvester', 'carlee17@example.net', '(908)099-2514', '2009-05-07 08:49:34'),
(596, 'Rau', 'Vivian', 'kuhn.cristina@example.net', '(651)483-8694', '1972-06-12 17:27:20'),
(597, 'Boehm', 'Monique', 'po\'hara@example.org', '1-009-958-700', '1981-12-28 14:37:55'),
(598, 'Mohr', 'Beau', 'tiffany.kutch@example.com', '236.607.0488', '1996-03-31 06:26:10'),
(599, 'Schamberger', 'Mason', 'arohan@example.org', '810.051.4068x', '1970-11-04 06:49:15'),
(600, 'Koelpin', 'Dayna', 'cornelius.ortiz@example.net', '155-785-5344x', '2000-04-22 23:22:33'),
(601, 'Kreiger', 'Kurt', 'koss.brad@example.com', '941.296.1244x', '1987-06-10 00:20:03'),
(602, 'Deckow', 'Annamarie', 'jacobi.brock@example.com', '065-712-5052x', '1971-05-05 04:39:57'),
(603, 'O\'Hara', 'Daniela', 'vborer@example.org', '842.236.1599x', '1980-07-10 11:24:00'),
(604, 'Roberts', 'Neoma', 'igusikowski@example.com', '1-545-941-423', '2000-11-20 14:17:57'),
(605, 'Mayer', 'Buddy', 'victoria.goyette@example.com', '136.571.4107', '1979-03-16 14:19:05'),
(606, 'Larson', 'Hugh', 'stamm.jacklyn@example.com', '830.207.2695', '1984-03-03 17:03:58'),
(607, 'Bergstrom', 'Jaylan', 'ybecker@example.com', '119-956-2773x', '1993-02-02 14:56:22'),
(608, 'Sanford', 'Fabian', 'deanna.gerlach@example.com', '001-221-0162', '2015-01-02 14:12:50'),
(609, 'Grimes', 'Heloise', 'daphnee.upton@example.net', '253-321-7316x', '1982-06-17 17:04:59'),
(610, 'Berge', 'Jabari', 'jalon.johns@example.net', '(543)775-5236', '2001-05-31 20:02:45'),
(611, 'Quitzon', 'Luther', 'mariana.gleason@example.com', '1-427-729-819', '1991-03-06 01:07:26'),
(612, 'Koelpin', 'Rodrick', 'doris.aufderhar@example.com', '1-565-857-729', '2007-07-28 06:20:52'),
(613, 'Anderson', 'Maribel', 'kaci56@example.net', '(097)768-3279', '1980-04-25 20:41:49'),
(614, 'Boyer', 'Jonatan', 'mlittel@example.org', '173-082-1488', '1996-03-26 23:51:36'),
(615, 'Zboncak', 'Kenyatta', 'senger.levi@example.com', '03546437412', '1998-05-25 14:47:16'),
(616, 'Greenholt', 'Diana', 'ymraz@example.com', '1-155-425-455', '2003-11-23 16:15:59'),
(617, 'Sporer', 'Jaron', 'gustave.cremin@example.com', '1-601-706-791', '2021-09-29 19:42:15'),
(618, 'Dibbert', 'Felix', 'lkoelpin@example.com', '249-451-8555x', '2018-02-21 20:27:25'),
(619, 'Gottlieb', 'Leora', 'alize.muller@example.com', '348-843-8576x', '1990-11-01 04:03:57'),
(620, 'Maggio', 'Mariano', 'stefan39@example.com', '(903)884-3032', '1991-12-18 19:11:27'),
(621, 'Tremblay', 'Savion', 'lfeeney@example.org', '790-122-5890', '1980-11-10 09:17:32'),
(622, 'Howe', 'Maggie', 'cortez90@example.com', '1-465-905-375', '2004-06-10 00:27:11'),
(623, 'Funk', 'Kattie', 'caterina42@example.net', '044.694.3962x', '1985-08-05 19:15:52'),
(624, 'Kuhic', 'Oma', 'romaguera.wallace@example.org', '(365)356-9230', '2018-11-29 12:05:28'),
(625, 'Stanton', 'Hailie', 'jaskolski.stone@example.org', '1-978-117-538', '1974-03-12 12:10:48'),
(626, 'Mills', 'Mikel', 'hessel.erick@example.net', '1-564-744-308', '2009-06-07 04:47:43'),
(627, 'Hyatt', 'Roel', 'price.turcotte@example.org', '(317)921-6407', '1998-10-03 04:34:12'),
(628, 'Hane', 'Santa', 'anderson.alvis@example.com', '(818)423-6282', '1986-03-29 00:17:26'),
(629, 'Harris', 'Nicholas', 'berge.jon@example.com', '00086068947', '2006-02-02 13:53:15'),
(630, 'Huels', 'Carmel', 'dina.boyle@example.org', '1-039-481-935', '2013-07-09 08:52:46'),
(631, 'Cummerata', 'Eliza', 'jgulgowski@example.net', '945.866.3319', '1978-12-17 06:00:32'),
(632, 'Hodkiewicz', 'Makenna', 'bechtelar.tressa@example.net', '1-722-104-487', '1998-09-17 10:20:54'),
(633, 'Towne', 'Broderick', 'ward.belle@example.com', '(990)478-3803', '1980-12-04 17:11:50'),
(634, 'Ebert', 'Taya', 'deanna.turcotte@example.com', '05322880061', '2007-03-14 21:31:25'),
(635, 'Moen', 'Orville', 'shany.donnelly@example.org', '1-174-151-171', '1984-12-19 15:59:01'),
(636, 'Jaskolski', 'Mitchel', 'hleuschke@example.com', '746.027.9872x', '1979-10-24 05:11:30'),
(637, 'Doyle', 'Daisha', 'friesen.hugh@example.com', '1-941-572-235', '1995-05-01 00:48:34'),
(638, 'Beahan', 'Arnulfo', 'dedrick94@example.org', '1-415-284-810', '1994-01-08 20:57:29'),
(639, 'Pollich', 'Alanna', 'batz.vivien@example.net', '09646317288', '1979-11-11 13:17:21'),
(640, 'Runolfsson', 'Garret', 'friesen.ada@example.com', '189-789-6042x', '2010-06-21 15:09:54'),
(641, 'Stehr', 'Cleve', 'lincoln04@example.net', '487-161-3503', '2015-07-16 09:18:15'),
(642, 'Ondricka', 'Brendon', 'abrekke@example.org', '947.948.9643', '1995-09-26 06:14:13'),
(643, 'Morissette', 'Mertie', 'jovanny.harber@example.com', '035-602-7725x', '2012-07-16 05:27:03'),
(644, 'Schmeler', 'Celia', 'sunny.kohler@example.net', '(627)359-7403', '2009-11-18 02:23:14'),
(645, 'Huels', 'Dimitri', 'samara.prosacco@example.com', '1-815-594-624', '2022-01-21 16:03:46'),
(646, 'Schaden', 'Emerson', 'london.pollich@example.org', '00228631863', '1981-07-01 09:39:07'),
(647, 'Huels', 'Nannie', 'leonie.schamberger@example.org', '404.868.5293', '2018-04-02 01:28:09'),
(648, 'Kohler', 'Delia', 'sauer.marcellus@example.com', '266-343-4789', '1995-05-01 05:21:29'),
(649, 'Wolff', 'Carley', 'funk.christop@example.net', '+97(8)8090867', '1982-08-20 12:54:31'),
(650, 'Hamill', 'Vilma', 'bwitting@example.org', '1-846-505-609', '1981-12-27 19:03:26'),
(651, 'Lind', 'Michaela', 'kohler.mazie@example.net', '958-541-2077', '2007-01-07 04:50:35'),
(652, 'Luettgen', 'Amani', 'garfield97@example.org', '(135)761-6864', '1984-11-16 00:46:50'),
(653, 'Mills', 'Camille', 'medhurst.sanford@example.com', '1-011-883-213', '1986-11-30 09:46:23'),
(654, 'Mosciski', 'Jose', 'montana45@example.com', '07688391484', '1980-04-28 09:56:00'),
(655, 'Erdman', 'Jeanne', 'furman16@example.com', '+65(2)7789137', '2019-02-05 16:28:58'),
(656, 'Nolan', 'Katelyn', 'emmet28@example.com', '932-670-7012x', '2022-09-03 18:15:47'),
(657, 'Ankunding', 'Anahi', 'natasha90@example.com', '036.100.2015', '1970-01-03 17:05:11'),
(658, 'Hartmann', 'Rita', 'waylon.robel@example.net', '404.477.9369', '1988-03-09 08:44:22'),
(659, 'Haley', 'Marian', 'hlowe@example.net', '+19(2)0907092', '1976-04-16 14:38:02'),
(660, 'Franecki', 'Joesph', 'vnader@example.com', '1-051-713-625', '1970-10-05 02:29:22'),
(661, 'Renner', 'Georgiana', 'astracke@example.org', '1-300-754-488', '2022-02-06 01:44:40'),
(662, 'Metz', 'Vernon', 'bailey21@example.com', '926.489.2751', '1979-09-29 11:10:12'),
(663, 'O\'Kon', 'Loy', 'merlin.shanahan@example.net', '(972)171-7200', '2003-04-25 03:34:58'),
(664, 'Friesen', 'Tyrese', 'ehowell@example.org', '1-040-781-744', '1971-11-28 02:13:41'),
(665, 'Waters', 'Rocky', 'jovan73@example.net', '336.042.9625', '2012-06-30 23:05:14'),
(666, 'Green', 'Kameron', 'haleigh.heathcote@example.net', '406-079-7514x', '1990-03-27 16:43:44'),
(667, 'Parisian', 'Chanel', 'khessel@example.net', '302-826-9414x', '1996-01-03 15:33:08'),
(668, 'Stehr', 'Alexie', 'nathanael.hoeger@example.com', '683-097-6800', '2008-08-17 12:17:32'),
(669, 'Roob', 'Amiya', 'hmohr@example.org', '1-093-714-719', '2021-10-01 13:11:32'),
(670, 'Leannon', 'Whitney', 'brannon71@example.com', '+26(7)7821534', '1974-01-10 02:31:25'),
(671, 'Powlowski', 'Mekhi', 'giovanny11@example.net', '(318)968-0175', '1985-08-22 16:40:34'),
(672, 'Kirlin', 'Remington', 'lesch.ashlee@example.net', '776.039.2013x', '2004-12-14 16:17:10'),
(673, 'Conn', 'Helen', 'delpha.weimann@example.com', '268.784.3247x', '1978-06-20 12:39:06'),
(674, 'Mitchell', 'Elvis', 'gottlieb.emerson@example.net', '05014262657', '1992-02-09 10:27:56'),
(675, 'Mante', 'Sid', 'rkassulke@example.com', '1-351-789-313', '2006-08-01 06:13:57'),
(676, 'Fay', 'Tad', 'fwaters@example.com', '1-421-726-943', '1976-10-06 00:52:00'),
(677, 'Fisher', 'Demarco', 'pzemlak@example.net', '(191)146-1165', '2016-03-03 21:14:49'),
(678, 'Christiansen', 'Hubert', 'merl32@example.org', '(771)473-5145', '2004-02-16 04:21:21'),
(679, 'Stehr', 'Aurelie', 'frederique10@example.com', '(573)614-7639', '1979-10-19 09:54:15'),
(680, 'Padberg', 'Orval', 'ava27@example.org', '(332)550-7024', '2002-12-10 06:09:46'),
(681, 'Mante', 'Dortha', 'ghermann@example.com', '(495)999-8489', '1992-01-04 05:43:39'),
(682, 'Homenick', 'Zelda', 'qharris@example.org', '03500141248', '1985-09-05 03:08:47'),
(683, 'Davis', 'Billy', 'mcdermott.wilfrid@example.net', '605.163.1090x', '1998-07-24 04:43:44'),
(684, 'Franecki', 'Carson', 'dicki.everette@example.org', '832.949.9459x', '2019-07-24 01:29:39'),
(685, 'Christiansen', 'Clotilde', 'jaquan30@example.org', '06009093446', '1987-07-30 06:59:08'),
(686, 'Runte', 'Letitia', 'ruecker.garland@example.com', '580-891-3068x', '1989-09-16 20:34:15'),
(687, 'Orn', 'Salvador', 'nschinner@example.com', '506-647-7444x', '1998-08-04 00:50:18'),
(688, 'O\'Reilly', 'Eino', 'devan83@example.net', '+62(1)4238169', '1973-02-28 04:33:26'),
(689, 'Lubowitz', 'Morton', 'uvandervort@example.org', '597.063.3950x', '1992-05-24 23:47:15'),
(690, 'Bogisich', 'Alisha', 'eschmitt@example.net', '01935304169', '1996-02-08 17:14:24'),
(691, 'Bashirian', 'Monty', 'federico53@example.net', '1-204-444-624', '1981-09-03 12:46:32'),
(692, 'Glover', 'Deonte', 'koch.tierra@example.com', '502-238-3878', '1974-01-17 01:56:12'),
(693, 'Dach', 'Orville', 'hosea.dibbert@example.org', '03538220605', '2018-11-05 06:11:09'),
(694, 'Kub', 'Lottie', 'solon.ortiz@example.net', '06716199828', '1983-10-12 04:48:31'),
(695, 'Gleason', 'Brennan', 'ncole@example.org', '1-254-067-209', '2012-08-09 18:53:05'),
(696, 'Denesik', 'Jany', 'talia.walsh@example.org', '079.436.6463x', '1990-06-29 10:56:28'),
(697, 'Tremblay', 'Foster', 'presley.ondricka@example.net', '735-422-0159', '2009-09-13 20:51:16'),
(698, 'Heathcote', 'Loyce', 'josue.harris@example.net', '1-480-692-057', '1975-04-21 20:11:52'),
(699, 'Fay', 'Dakota', 'd\'amore.jaycee@example.com', '239.468.1650x', '2009-09-07 10:22:21'),
(700, 'Davis', 'Adell', 'elian.sauer@example.net', '646.644.1140x', '1977-09-06 13:13:47'),
(701, 'Prohaska', 'Ellis', 'presley.koch@example.net', '04283402534', '1991-05-19 08:37:41'),
(702, 'Botsford', 'Dolores', 'robb.mcglynn@example.com', '+76(5)5726462', '1990-04-14 23:58:16'),
(703, 'Jakubowski', 'Walter', 'georgiana59@example.net', '350-279-3280x', '1981-05-25 08:09:13'),
(704, 'Koelpin', 'Mathilde', 'benton72@example.com', '+74(0)8583222', '1975-09-17 19:42:40'),
(705, 'Collier', 'Abdiel', 'ceffertz@example.net', '+18(7)5302050', '2019-02-06 00:05:40'),
(706, 'Price', 'Ashley', 'glesch@example.org', '(953)243-3550', '2006-01-06 19:18:35'),
(707, 'Rogahn', 'Adolf', 'amraz@example.org', '1-372-599-122', '1983-02-04 16:16:42'),
(708, 'Durgan', 'Bernita', 'fgerhold@example.com', '+85(2)9441049', '1988-02-17 13:35:50'),
(709, 'Ryan', 'Reta', 'kstracke@example.net', '(713)467-0588', '1983-05-28 05:18:44'),
(710, 'Anderson', 'Agnes', 'macejkovic.shanelle@example.com', '371.399.2260x', '2019-06-11 19:03:03'),
(711, 'Hoppe', 'Wanda', 'milton57@example.org', '(819)580-4841', '2013-06-01 05:38:55'),
(712, 'Quitzon', 'Unique', 'walter.vivienne@example.com', '355.723.8202', '1970-06-26 22:56:40'),
(713, 'Gorczany', 'Jonas', 'rosalind.beer@example.com', '05562340699', '2020-12-30 21:02:09'),
(714, 'Dicki', 'Wendell', 'uschowalter@example.org', '1-754-266-617', '1988-05-24 19:35:22'),
(715, 'O\'Kon', 'Dedric', 'schamberger.helena@example.com', '09283776314', '1997-03-27 19:49:25'),
(716, 'Labadie', 'Yazmin', 'hamill.gavin@example.org', '(221)747-7282', '1973-09-14 14:23:42'),
(717, 'Casper', 'Antone', 'arno.ernser@example.org', '930-430-0682', '2016-11-24 06:51:50'),
(718, 'Schowalter', 'Nils', 'gay92@example.org', '305.117.3666x', '2003-07-04 18:08:23'),
(719, 'Russel', 'Savannah', 'corene59@example.org', '(637)020-3899', '1972-06-12 01:39:06'),
(720, 'Gutmann', 'Dannie', 'valentine.wunsch@example.com', '734.851.8165x', '1990-09-20 23:27:07'),
(721, 'Herzog', 'Mckenzie', 'elta32@example.com', '058.576.0834', '1992-04-23 19:50:30'),
(722, 'Williamson', 'Edmond', 'ewilliamson@example.org', '286-345-4334x', '1990-05-23 04:09:37'),
(723, 'Ondricka', 'Aglae', 'teresa.harris@example.net', '549-431-1167x', '1986-05-11 19:25:28'),
(724, 'Paucek', 'Elissa', 'desmond49@example.com', '509-939-1957x', '1984-05-17 23:33:28'),
(725, 'Weber', 'Louvenia', 'ferry.marina@example.com', '1-477-245-059', '2010-06-01 17:31:25'),
(726, 'Cummings', 'Christine', 'hilton.kovacek@example.net', '+72(6)7325337', '2019-03-19 01:49:37'),
(727, 'Stoltenberg', 'Maximilian', 'iwindler@example.org', '802.058.8962x', '2009-03-27 04:12:18'),
(728, 'Prosacco', 'Sophie', 'fzulauf@example.com', '705.133.8822x', '2000-02-06 08:00:53'),
(729, 'Yundt', 'Shad', 'aquigley@example.com', '(050)307-4026', '1988-05-23 06:48:04'),
(730, 'Lubowitz', 'Maxine', 'jerde.shany@example.net', '1-596-440-120', '1978-03-19 19:17:40'),
(731, 'Beer', 'Jocelyn', 'abigayle10@example.com', '(682)245-4499', '1998-12-04 22:39:02'),
(732, 'Corkery', 'Katelynn', 'lflatley@example.net', '1-252-545-259', '1983-08-26 10:23:05'),
(733, 'Kirlin', 'Jayden', 'wolff.logan@example.net', '(259)389-3438', '1992-08-02 18:04:54'),
(734, 'Considine', 'Clifton', 'titus.funk@example.com', '749-126-8214x', '1980-12-06 07:21:53'),
(735, 'Ernser', 'Paxton', 'ulises.cummerata@example.org', '442-882-9390', '1970-07-04 13:22:56'),
(736, 'Pacocha', 'Miguel', 'dion06@example.com', '(057)814-6283', '1994-05-12 22:35:42'),
(737, 'Abshire', 'Jamison', 'marcella16@example.com', '059-687-6799x', '2003-02-09 15:02:46'),
(738, 'Fay', 'Stephanie', 'rusty.nicolas@example.com', '1-824-536-239', '1994-04-23 16:35:29'),
(739, 'Miller', 'Evan', 'schuppe.evie@example.net', '168-586-9503x', '1998-08-02 10:13:51'),
(740, 'Jacobi', 'Bryana', 'kaitlyn94@example.com', '712.567.5380', '2009-02-03 16:54:21'),
(741, 'Robel', 'Adolphus', 'bradtke.else@example.net', '168-413-7796', '1996-05-03 07:32:14'),
(742, 'Tromp', 'Nils', 'zboncak.lexus@example.com', '+68(6)5004149', '1996-05-09 04:04:28'),
(743, 'Carter', 'Rex', 'estell41@example.com', '938-803-4092x', '2001-01-06 20:24:54'),
(744, 'Herman', 'Coty', 'schneider.karson@example.org', '(286)246-9392', '1975-11-07 10:39:41'),
(745, 'Dietrich', 'Marisa', 'qherman@example.org', '(867)659-1790', '1972-10-09 23:30:40'),
(746, 'Parker', 'Rogers', 'swaniawski.astrid@example.com', '235-054-9985x', '2009-02-23 05:34:13'),
(747, 'Botsford', 'Marie', 'balistreri.sylvester@example.org', '1-077-322-853', '2020-03-06 19:10:57'),
(748, 'Becker', 'Keven', 'batz.mylene@example.net', '997.675.6004', '1981-03-15 18:11:25'),
(749, 'Hessel', 'Blanche', 'osbaldo.hessel@example.net', '542.718.3430', '2002-03-28 04:54:14'),
(750, 'Wuckert', 'Carmella', 'bruce.renner@example.org', '574-306-8479', '2000-09-01 06:11:30'),
(751, 'Crooks', 'Jeramy', 'batz.monserrat@example.net', '(689)394-1261', '2017-05-01 01:43:45'),
(752, 'Lemke', 'Valentine', 'ddickens@example.org', '146.207.3275x', '2012-01-07 05:59:46'),
(753, 'Huels', 'Demario', 'bkuvalis@example.org', '1-782-944-027', '1971-08-12 04:26:32'),
(754, 'Lindgren', 'Jaden', 'jo\'connell@example.org', '09837044351', '1980-12-12 09:26:31'),
(755, 'Schaefer', 'Katelyn', 'bradley.sauer@example.com', '1-273-469-831', '1987-01-18 13:36:02'),
(756, 'Schuppe', 'Olga', 'hulda45@example.org', '+68(0)0130506', '2003-02-28 14:19:19'),
(757, 'Hodkiewicz', 'Charity', 'reichert.gilda@example.org', '+05(7)9663244', '1997-07-29 13:19:56'),
(758, 'Olson', 'Cora', 'kraig.labadie@example.org', '(033)374-6870', '2003-03-21 16:12:20'),
(759, 'Bauch', 'Rosalinda', 'tianna68@example.net', '815-274-9507x', '1974-01-31 20:58:20'),
(760, 'Spencer', 'Felicia', 'jarrett69@example.com', '+06(4)9599663', '1976-09-12 08:20:57'),
(761, 'Mueller', 'Webster', 'clubowitz@example.com', '1-943-759-877', '1983-12-16 21:58:20'),
(762, 'Bruen', 'Isabel', 'predovic.tiana@example.org', '+63(3)3955994', '1978-02-12 12:17:04'),
(763, 'Harris', 'Jayde', 'frami.valerie@example.net', '026-422-2940x', '2020-02-29 18:47:59'),
(764, 'Leuschke', 'Cletus', 'crobel@example.com', '1-090-109-278', '2019-09-25 16:57:01'),
(765, 'Wiza', 'Leta', 'nbode@example.net', '399.902.9359x', '1983-10-17 01:34:34'),
(766, 'Flatley', 'Sandra', 'myrtle.botsford@example.net', '(341)974-4693', '1988-03-15 09:17:33'),
(767, 'Reynolds', 'Sheldon', 'ulubowitz@example.net', '(821)330-4417', '1986-04-27 02:14:21'),
(768, 'Schroeder', 'Kip', 'sauer.marielle@example.org', '+47(7)5134066', '1996-10-20 10:07:34'),
(769, 'Farrell', 'Clark', 'olarkin@example.net', '351-694-6634x', '2013-04-23 12:34:53'),
(770, 'Lowe', 'Juanita', 'camren56@example.net', '+26(6)0522641', '2006-12-21 04:11:22'),
(771, 'Ritchie', 'Karina', 'bradtke.marcelina@example.com', '(198)938-3058', '1991-08-01 01:58:11'),
(772, 'Lind', 'Else', 'camylle57@example.org', '855.878.0601x', '1974-02-09 18:25:21'),
(773, 'Blanda', 'Juanita', 'wolff.leila@example.net', '1-275-490-778', '1974-12-26 03:51:44'),
(774, 'Walter', 'Alvera', 'vo\'kon@example.com', '547.697.9452x', '1972-10-25 08:22:43'),
(775, 'Larson', 'Ceasar', 'tobin.schuster@example.org', '+40(3)2146917', '1989-03-17 23:25:19'),
(776, 'Torphy', 'Reed', 'bmann@example.net', '136.350.0876x', '1973-08-15 07:47:57'),
(777, 'Simonis', 'Maudie', 'fdurgan@example.org', '+09(6)8261794', '1996-08-31 06:40:34'),
(778, 'Marks', 'Libby', 'beahan.camille@example.com', '148-191-2031', '2020-10-04 02:48:30'),
(779, 'Schamberger', 'Eino', 'lebsack.diamond@example.net', '1-678-214-350', '2020-05-23 21:06:10'),
(780, 'Shields', 'Jimmy', 'freilly@example.net', '1-165-071-448', '1982-06-25 13:35:06'),
(781, 'Pfeffer', 'Shana', 'dschuster@example.com', '(440)908-6192', '1998-02-09 04:38:04'),
(782, 'Pouros', 'Wendy', 'ottilie12@example.org', '192.179.3191x', '2018-08-10 03:44:58'),
(783, 'Runte', 'Jeremie', 'jeremie56@example.com', '+08(8)6394636', '1992-10-13 03:12:31'),
(784, 'Hand', 'Damian', 'burdette26@example.org', '(583)251-6994', '2019-12-17 22:36:47'),
(785, 'Casper', 'Raina', 'ajacobs@example.com', '(414)705-2230', '1972-07-11 15:50:24'),
(786, 'Howe', 'Jenifer', 'arlo01@example.org', '509.576.0150', '1985-03-12 15:03:12'),
(787, 'Heathcote', 'Christy', 'cydney37@example.net', '795-242-7496x', '2013-12-10 23:53:51'),
(788, 'Cronin', 'Retha', 'adams.mafalda@example.org', '+45(0)4099568', '1981-05-24 23:08:51'),
(789, 'Gibson', 'Kayley', 'lschowalter@example.org', '1-474-066-107', '1975-02-02 01:09:08'),
(790, 'Bailey', 'Janie', 'weissnat.oliver@example.org', '1-556-162-313', '1977-05-27 21:56:50'),
(791, 'Heller', 'Otilia', 'ischuster@example.com', '245-961-7625x', '1999-04-14 18:15:09'),
(792, 'Bahringer', 'Virginia', 'emilio79@example.net', '962-334-8085x', '1977-02-16 23:58:37'),
(793, 'Russel', 'Joana', 'anibal.tromp@example.org', '(302)795-1738', '1975-08-28 21:41:06'),
(794, 'Gaylord', 'Osbaldo', 'macejkovic.riley@example.com', '270.099.5731', '2021-08-09 02:02:29'),
(795, 'Langworth', 'Luna', 'reinhold.medhurst@example.org', '(248)179-5401', '1970-10-11 10:53:19'),
(796, 'Nikolaus', 'Reynold', 'ro\'connell@example.com', '047.993.2672x', '1993-08-20 05:03:47'),
(797, 'Harber', 'Dominic', 'montana85@example.net', '1-455-790-317', '1971-05-01 21:22:57'),
(798, 'Aufderhar', 'Birdie', 'doris.parisian@example.com', '743.523.0393x', '1971-06-10 07:21:06'),
(799, 'Stehr', 'Reginald', 'jesus.walsh@example.org', '(437)185-2240', '1988-12-03 06:13:25'),
(800, 'Fadel', 'Pearl', 'rosetta04@example.net', '(480)795-4131', '2007-08-30 09:16:55'),
(801, 'Schuppe', 'Jannie', 'ardella41@example.net', '518.193.3309', '2018-02-28 08:34:11'),
(802, 'O\'Connell', 'Josiah', 'antonina.moore@example.com', '(998)079-9757', '1976-03-29 15:22:37'),
(803, 'Feeney', 'Millie', 'aprice@example.org', '417-522-1944', '1975-11-03 23:55:40'),
(804, 'Frami', 'Palma', 'lharvey@example.com', '414-124-0383', '1977-09-20 15:17:15'),
(805, 'Nienow', 'Madisen', 'luettgen.cleve@example.org', '094.871.6002', '2019-02-17 10:48:51'),
(806, 'Kuhic', 'Electa', 'lswift@example.net', '682.995.7213', '2003-03-24 05:30:15'),
(807, 'Hoeger', 'Maryse', 'annamae.d\'amore@example.org', '105-557-3329x', '1970-11-14 17:48:28'),
(808, 'Braun', 'Trace', 'bauch.rosalia@example.org', '713-017-6139x', '1995-03-11 11:08:03'),
(809, 'Padberg', 'Lenore', 'kovacek.gilberto@example.net', '(946)810-7358', '1983-03-27 02:38:24'),
(810, 'Schmeler', 'Jaqueline', 'wisozk.stephania@example.net', '04917070613', '1973-02-24 08:52:21'),
(811, 'Bins', 'Rosetta', 'floyd.weimann@example.com', '06077313572', '2000-02-12 15:05:49'),
(812, 'Kulas', 'Lesly', 'emurray@example.net', '(440)627-0422', '1971-08-04 00:42:36'),
(813, 'Kub', 'Karson', 'xkunde@example.org', '09244201139', '2000-09-10 16:27:03'),
(814, 'Lang', 'Kiera', 'kayli18@example.org', '+95(5)9965799', '1989-03-19 13:06:09'),
(815, 'Smith', 'Leon', 'ayla.nolan@example.net', '1-701-864-717', '2006-11-16 13:40:14'),
(816, 'Williamson', 'Thomas', 'satterfield.delpha@example.net', '610-196-6581x', '1985-05-04 12:00:04'),
(817, 'Feest', 'Monserrat', 'xbode@example.net', '1-981-467-567', '1986-06-11 15:58:42'),
(818, 'Bogisich', 'Donny', 'sgraham@example.com', '119.783.4967x', '2022-05-16 00:04:52'),
(819, 'Koepp', 'Lenore', 'mae58@example.org', '717.876.9112', '1990-04-01 21:19:46'),
(820, 'Ullrich', 'Wilfred', 'mreynolds@example.com', '+14(3)0784699', '2010-06-04 18:20:46'),
(821, 'Hayes', 'Isabell', 'kevon18@example.com', '(411)314-2802', '1979-12-02 23:26:58'),
(822, 'Vandervort', 'Oma', 'hhaag@example.com', '462.029.5989x', '2016-09-22 09:10:22'),
(823, 'Dietrich', 'Holly', 'anderson.verona@example.com', '(783)282-2696', '2011-04-27 16:40:17'),
(824, 'West', 'Kay', 'nparisian@example.com', '123.107.1071x', '2021-02-27 23:20:54'),
(825, 'Witting', 'Marjorie', 'manuel11@example.org', '1-726-415-728', '1996-10-05 20:29:40'),
(826, 'Hills', 'Jarrell', 'josefa.osinski@example.net', '(647)528-0542', '2012-08-09 18:13:32'),
(827, 'Jakubowski', 'Bernhard', 'mzemlak@example.com', '(854)500-0092', '2012-08-08 08:38:23'),
(828, 'Funk', 'Evie', 'cody87@example.net', '418.042.6042x', '1987-04-14 06:17:24'),
(829, 'Blanda', 'Iliana', 'khalil02@example.com', '00174402142', '1970-11-27 17:06:11'),
(830, 'Ward', 'Norene', 'estelle.o\'reilly@example.org', '(838)892-3558', '1996-10-09 05:45:58'),
(831, 'Dach', 'Antonio', 'reymundo30@example.org', '+37(8)4700321', '2011-04-28 05:50:41'),
(832, 'Jakubowski', 'Zackery', 'angie.nitzsche@example.net', '(994)500-6892', '2006-10-29 17:09:07'),
(833, 'Zemlak', 'Shanny', 'aryanna.walker@example.net', '02439851696', '2018-05-03 16:32:48'),
(834, 'Dooley', 'Alvah', 'stella.russel@example.org', '807-698-0786x', '2022-01-23 06:52:16'),
(835, 'Zemlak', 'Ryder', 'paucek.christa@example.net', '259.599.8876', '1970-09-11 18:42:50'),
(836, 'Hettinger', 'Kyla', 'mclaughlin.frances@example.com', '(276)090-6756', '2020-09-14 04:10:10'),
(837, 'Huels', 'Larue', 'kamron.farrell@example.com', '101.022.7665x', '2016-01-20 03:12:38'),
(838, 'Parker', 'Virgie', 'stamm.britney@example.net', '1-603-299-938', '2007-01-31 08:11:09'),
(839, 'Hodkiewicz', 'Jacinthe', 'welch.ron@example.com', '1-694-941-256', '1970-12-14 03:08:58'),
(840, 'Spinka', 'Tristian', 'zschultz@example.org', '529.562.0713', '2000-02-02 12:06:06'),
(841, 'Zulauf', 'Maudie', 'bonnie.emard@example.org', '1-434-240-979', '2006-04-28 17:44:50'),
(842, 'Marvin', 'Jasper', 'iboyle@example.net', '(025)077-7374', '2019-08-25 18:14:45'),
(843, 'Rutherford', 'Hope', 'lois.schimmel@example.net', '02418283644', '1991-08-24 16:48:26'),
(844, 'Dooley', 'Sadie', 'dhermiston@example.net', '1-423-735-912', '1986-04-04 05:50:48'),
(845, 'Schuppe', 'Icie', 'estella.kris@example.org', '(546)086-2207', '2012-11-26 14:12:29'),
(846, 'Bradtke', 'Gage', 'meaghan.lind@example.org', '787.269.2657x', '1995-12-20 06:27:07'),
(847, 'Okuneva', 'Emelia', 'gulgowski.flossie@example.com', '042-245-3354', '2022-02-23 22:17:57'),
(848, 'Waelchi', 'Darius', 'simonis.kailey@example.com', '972-823-8659x', '2013-08-30 01:08:56'),
(849, 'McDermott', 'Sammie', 'bert.smith@example.org', '+60(3)4814839', '2010-03-27 04:24:33'),
(850, 'Emard', 'Clinton', 'yjacobi@example.org', '239-285-2123x', '2002-10-26 12:08:11'),
(851, 'Cremin', 'Janae', 'urath@example.com', '836.454.6459x', '2001-10-29 03:44:43'),
(852, 'Schaefer', 'Winnifred', 'mac.nitzsche@example.net', '1-075-665-321', '1972-06-01 14:16:13'),
(853, 'Larkin', 'Brionna', 'walker.ritchie@example.com', '229-973-4679', '1982-08-03 08:31:06'),
(854, 'Gottlieb', 'Diana', 'jacobs.blair@example.org', '(971)393-7743', '1985-06-30 10:46:00'),
(855, 'Howe', 'Reanna', 'syble57@example.net', '1-138-736-207', '2003-01-31 21:03:26'),
(856, 'Cassin', 'Chelsie', 'kub.marcelino@example.org', '08744367033', '1970-04-05 09:59:12'),
(857, 'Kemmer', 'Idella', 'stamm.domenica@example.com', '1-846-831-158', '1987-09-27 03:12:55'),
(858, 'Huel', 'Craig', 'xrunte@example.org', '1-406-451-419', '1973-12-17 06:45:37'),
(859, 'Borer', 'Dillan', 'blubowitz@example.org', '1-851-400-591', '1990-09-24 19:45:23'),
(860, 'Lueilwitz', 'Leilani', 'welch.letha@example.com', '09080590090', '1970-02-09 04:59:59'),
(861, 'Veum', 'Deshaun', 'hadley39@example.org', '047.095.7765', '1976-05-26 23:23:18'),
(862, 'Herzog', 'Grant', 'jleffler@example.org', '976-656-5199', '1980-06-03 21:38:29'),
(863, 'Sanford', 'Dustin', 'epfeffer@example.net', '(450)609-9011', '2018-12-30 21:33:35'),
(864, 'Mayert', 'Alexandre', 'ehoppe@example.net', '(114)467-6839', '2016-02-27 15:17:55'),
(865, 'Prosacco', 'Evangeline', 'eulalia.koss@example.net', '501.412.1461x', '1985-04-30 22:59:57'),
(866, 'Carter', 'Luciano', 'kamryn13@example.com', '1-986-553-535', '1973-01-08 16:37:07'),
(867, 'Schaefer', 'Mina', 'elroy65@example.net', '1-536-119-551', '1974-01-27 15:56:14'),
(868, 'Mills', 'Francis', 'atreutel@example.net', '775-256-1716x', '1989-01-16 18:58:17'),
(869, 'Zieme', 'Johathan', 'burdette.pouros@example.org', '1-474-986-914', '2022-05-19 02:46:34'),
(870, 'Adams', 'Kassandra', 'keyon24@example.net', '+82(3)6023139', '1983-10-06 03:24:37'),
(871, 'Pouros', 'Margret', 'betsy.hammes@example.net', '078.679.1658x', '2017-06-22 01:34:14'),
(872, 'Ward', 'Shannon', 'fanny69@example.net', '01693764203', '1988-02-03 05:47:56'),
(873, 'Dickens', 'Ima', 'wschuster@example.com', '972-692-4035', '1997-03-29 13:51:36'),
(874, 'Corkery', 'Millie', 'apagac@example.net', '237.073.9050', '2002-05-05 11:31:04'),
(875, 'Lueilwitz', 'Tania', 'brekke.yvette@example.org', '438.714.7487x', '2009-03-01 23:15:07'),
(876, 'Mueller', 'Emmalee', 'bella12@example.org', '003.008.9278x', '1992-07-05 11:48:31'),
(877, 'Schulist', 'Karli', 'gerhold.keenan@example.com', '292.726.0406x', '1997-05-21 08:49:05'),
(878, 'Emmerich', 'Joshuah', 'tomas.miller@example.com', '107.083.3214', '2011-09-26 22:50:50'),
(879, 'Terry', 'Elvera', 'marisol.okuneva@example.com', '656.359.9226x', '1975-08-09 15:27:19'),
(880, 'Sawayn', 'Percy', 'leola.mayert@example.net', '1-445-720-520', '1974-03-31 18:16:31'),
(881, 'Baumbach', 'Lucie', 'reinger.donnell@example.com', '480-548-2404', '2011-12-27 11:53:18'),
(882, 'Moen', 'Freida', 'nitzsche.violet@example.org', '329.282.2654', '2014-01-30 12:59:36'),
(883, 'Langosh', 'Jessie', 'johnny48@example.com', '1-615-795-996', '1979-03-24 09:00:56'),
(884, 'McClure', 'Jeremie', 'hackett.camron@example.com', '927.231.3474x', '1985-10-28 14:10:08'),
(885, 'Haag', 'Hailey', 'udaniel@example.org', '320-613-7197x', '2013-04-22 19:19:09'),
(886, 'Schamberger', 'Rebeca', 'jacobson.jaylon@example.com', '1-068-124-653', '2022-04-21 22:57:55'),
(887, 'Sauer', 'Newell', 'vledner@example.com', '935.679.4656x', '1983-08-18 21:12:40'),
(888, 'Boyle', 'Freeman', 'okessler@example.net', '09329365517', '1972-06-03 19:32:04'),
(889, 'Moen', 'Jazlyn', 'liana.schneider@example.org', '566-205-6767x', '2019-09-10 18:02:17'),
(890, 'Hammes', 'Pinkie', 'krystina50@example.net', '(198)919-0618', '1988-09-02 18:45:14'),
(891, 'Kub', 'Maurice', 'pearline01@example.org', '(931)658-4444', '1985-10-08 20:53:15'),
(892, 'Denesik', 'Lafayette', 'reilly.kennedy@example.com', '119.852.6690x', '1999-11-23 22:24:30'),
(893, 'Rutherford', 'Ernie', 'trace.krajcik@example.org', '347.110.3275', '2012-10-01 07:04:15'),
(894, 'Crona', 'Francesco', 'kassandra44@example.net', '01959982811', '1996-09-02 03:33:13'),
(895, 'Carroll', 'Jordy', 'annabelle.goldner@example.com', '261-747-7127', '2019-06-19 20:01:18'),
(896, 'Schamberger', 'Timmothy', 'deangelo.dooley@example.com', '726.741.1661x', '2008-11-26 09:51:37'),
(897, 'Pagac', 'Neil', 'veum.marguerite@example.com', '(653)789-7589', '1982-07-07 01:03:09'),
(898, 'VonRueden', 'Vincenzo', 'haylee46@example.com', '(312)900-2186', '1979-12-26 23:16:49'),
(899, 'Glover', 'Jordan', 'dennis.prohaska@example.org', '00676927501', '2014-03-01 09:44:58'),
(900, 'Kuvalis', 'Helena', 'hrunolfsdottir@example.org', '552.274.9500x', '1980-05-18 16:19:56'),
(901, 'Ankunding', 'Pablo', 'lehner.russel@example.org', '(230)184-7348', '1998-08-08 01:27:37'),
(902, 'Nitzsche', 'Dina', 'jrippin@example.com', '(515)669-7799', '1978-05-04 13:05:37'),
(903, 'Ernser', 'Ashly', 'schinner.antwan@example.net', '471.336.7006', '1973-12-12 06:43:55'),
(904, 'Skiles', 'Cleveland', 'pblanda@example.org', '1-297-433-160', '1972-11-18 07:13:48'),
(905, 'Kuhlman', 'Curt', 'kuvalis.clemens@example.org', '(776)636-4865', '2008-12-19 17:40:17'),
(906, 'Padberg', 'Americo', 'casimer18@example.com', '1-781-184-035', '2007-04-12 09:35:07'),
(907, 'Bradtke', 'Shaina', 'gibson.addie@example.org', '296-405-5840', '1991-11-17 06:28:56'),
(908, 'Stoltenberg', 'Teagan', 'dare.estell@example.net', '00943944659', '2014-10-31 23:46:18'),
(909, 'Emmerich', 'Geo', 'cheyanne.yost@example.net', '08177192625', '1985-02-21 09:23:44'),
(910, 'Ernser', 'Stacey', 'jfriesen@example.org', '1-183-373-270', '1999-11-18 02:17:59'),
(911, 'Kshlerin', 'Tiffany', 'fkulas@example.org', '(849)833-7933', '2001-12-08 18:00:16'),
(912, 'Brakus', 'Lucy', 'sydnie.lueilwitz@example.com', '+18(2)1064823', '2002-09-02 11:42:11'),
(913, 'McKenzie', 'Dayne', 'willa90@example.org', '(925)839-5552', '2000-08-15 11:06:28'),
(914, 'Swaniawski', 'Nigel', 'kbecker@example.com', '498.372.7735', '1984-04-25 00:24:37'),
(915, 'Gaylord', 'Julius', 'peter05@example.org', '796-840-5239x', '2021-12-21 12:06:07'),
(916, 'Wolf', 'Colin', 'jazlyn.bosco@example.com', '(139)527-8486', '1998-03-20 14:15:12'),
(917, 'Spinka', 'Lew', 'nitzsche.kip@example.net', '+24(7)8052919', '1991-10-28 03:14:40'),
(918, 'Kemmer', 'Gillian', 'hickle.adam@example.net', '(933)302-6089', '1976-02-17 07:16:38'),
(919, 'Nader', 'Estrella', 'emile38@example.net', '1-525-294-076', '1985-06-26 01:55:55'),
(920, 'Casper', 'Myrtice', 'daphney.heaney@example.net', '905-957-4155x', '2007-11-11 01:17:35'),
(921, 'Greenfelder', 'America', 'tmiller@example.org', '(562)336-0166', '1995-07-26 18:42:11'),
(922, 'Greenholt', 'Willard', 'kaitlyn.wilkinson@example.org', '945-841-8583', '2015-11-20 06:47:49'),
(923, 'Daniel', 'Leonora', 'thills@example.org', '823.714.5653x', '1971-11-04 17:55:56'),
(924, 'Schiller', 'Niko', 'greenholt.lowell@example.com', '1-916-474-274', '1993-06-29 06:08:38'),
(925, 'Muller', 'Leilani', 'sylvester.skiles@example.org', '1-652-814-564', '1972-06-20 11:55:02'),
(926, 'Douglas', 'Adele', 'minnie.rice@example.com', '(696)329-6122', '2019-11-02 14:35:09'),
(927, 'Johnston', 'Carole', 'greenfelder.jackeline@example.org', '02235253785', '2000-03-07 12:43:04'),
(928, 'Hamill', 'Gisselle', 'erna05@example.org', '184-515-5825x', '2013-10-13 01:03:04'),
(929, 'Grady', 'Lew', 'gflatley@example.net', '03783859517', '1974-10-27 23:43:37'),
(930, 'Feil', 'Brody', 'sienna33@example.com', '1-861-392-041', '1997-09-17 01:50:28'),
(931, 'Morissette', 'Vance', 'gprosacco@example.org', '1-391-280-389', '1973-02-22 23:23:10'),
(932, 'Harber', 'Kailey', 'odie.upton@example.org', '+77(4)6815492', '1984-06-28 08:57:27'),
(933, 'Rosenbaum', 'Dariana', 'tking@example.com', '407.411.6159', '1991-07-06 09:21:26'),
(934, 'Effertz', 'Kenya', 'buck58@example.net', '1-808-861-342', '1970-12-21 21:08:43'),
(935, 'Bernier', 'Zaria', 'sim.borer@example.org', '1-456-728-212', '2005-07-03 02:01:39'),
(936, 'Sawayn', 'Marisa', 'elangosh@example.net', '(014)141-2186', '1975-05-05 19:13:28'),
(937, 'Corkery', 'Amina', 'bauch.devonte@example.org', '(423)902-0553', '2022-04-16 02:51:51'),
(938, 'Murray', 'Sandrine', 'mbaumbach@example.org', '318-778-5626', '2018-05-19 03:10:23'),
(939, 'Denesik', 'Oral', 'wbailey@example.net', '1-425-856-534', '1987-06-02 14:29:08'),
(940, 'Kuphal', 'Bria', 'hbruen@example.net', '1-521-628-870', '1992-01-03 16:48:40'),
(941, 'Hintz', 'Jaylan', 'brigitte.purdy@example.org', '1-997-077-314', '2005-04-20 06:17:31'),
(942, 'McClure', 'Adelia', 'lboyer@example.com', '1-006-124-422', '1985-05-21 22:52:47'),
(943, 'Johnson', 'Joyce', 'lurline.abernathy@example.com', '+10(8)7154308', '1991-03-06 08:50:29'),
(944, 'Ward', 'Hunter', 'vschoen@example.net', '273.223.0395', '1983-11-14 15:51:59'),
(945, 'Kuhn', 'Collin', 'cleveland.rohan@example.org', '+76(2)7987930', '2010-05-27 02:20:30'),
(946, 'Ernser', 'Walton', 'carolina60@example.net', '1-212-309-458', '1979-06-30 16:50:22'),
(947, 'Jast', 'Hans', 'ushields@example.com', '(074)474-8929', '1971-11-20 14:17:22'),
(948, 'Braun', 'Orin', 'edythe49@example.net', '(710)915-1917', '1993-04-18 23:42:10'),
(949, 'Smith', 'Ayden', 'mills.ernestina@example.net', '908.515.8579', '1979-03-24 04:18:37'),
(950, 'Kunze', 'Judge', 'xlehner@example.org', '557-018-6211x', '1994-08-23 18:25:34'),
(951, 'Fritsch', 'Jovany', 'sandra.wunsch@example.net', '406-237-8671x', '1970-04-09 03:10:19'),
(952, 'Hane', 'Geo', 'nelda51@example.net', '153.623.1809x', '1997-05-14 20:58:33'),
(953, 'Robel', 'Immanuel', 'lindsay68@example.com', '(224)123-0751', '1983-03-06 18:23:26'),
(954, 'Witting', 'Justice', 'szulauf@example.com', '+54(1)0043510', '1976-12-31 07:08:15'),
(955, 'Stehr', 'Tito', 'cristobal27@example.net', '231.026.5304x', '2015-02-13 05:51:31'),
(956, 'O\'Reilly', 'Wilmer', 'velma.quitzon@example.com', '(756)085-2800', '2000-09-25 01:04:00'),
(957, 'Douglas', 'Karlie', 'amertz@example.net', '(304)506-3848', '2000-04-20 12:07:12'),
(958, 'Cassin', 'Henriette', 'dblanda@example.org', '196.340.9923x', '1973-10-02 06:30:08'),
(959, 'Ebert', 'Gwendolyn', 'oberbrunner.carolyne@example.com', '539.407.9856', '2011-12-14 13:32:47'),
(960, 'Conn', 'Ladarius', 'gunner27@example.org', '350.606.1572x', '2018-09-21 23:19:58'),
(961, 'Cole', 'Chanelle', 'era89@example.com', '961-087-9302x', '1989-12-09 02:19:17'),
(962, 'Armstrong', 'Sanford', 'uratke@example.org', '271.514.1851', '2017-07-22 15:32:23'),
(963, 'Weissnat', 'Eldon', 'ntorphy@example.org', '08768847643', '1997-08-19 22:43:55'),
(964, 'Lubowitz', 'Sigrid', 'morar.lauretta@example.org', '499.558.1143x', '1980-01-14 05:50:27'),
(965, 'Tillman', 'Sanford', 'kemmer.brant@example.com', '1-721-092-084', '2010-10-07 09:44:51'),
(966, 'Feeney', 'Cyrus', 'carson.simonis@example.org', '(382)160-4226', '2014-10-31 09:36:33'),
(967, 'Howell', 'Rachelle', 'dbode@example.org', '668-770-5792', '1981-01-23 01:30:05'),
(968, 'Witting', 'Yessenia', 'sbuckridge@example.com', '253.984.3030', '1991-04-19 02:58:02'),
(969, 'Kuphal', 'Janie', 'krystal.rau@example.org', '275-847-7444', '1971-02-13 19:21:57'),
(970, 'Ortiz', 'Manuela', 'pblock@example.com', '131.819.1623x', '2004-09-07 12:58:00'),
(971, 'Bruen', 'Kay', 'nblanda@example.com', '952-296-5407x', '1998-03-14 02:14:10'),
(972, 'Bednar', 'Christopher', 'makenna01@example.com', '02519243812', '1987-04-13 00:10:54'),
(973, 'Toy', 'Janae', 'felipe.effertz@example.org', '1-283-343-358', '1974-04-29 12:36:40'),
(974, 'McLaughlin', 'Rosalia', 'will85@example.com', '605.241.7829', '1978-02-19 06:03:58'),
(975, 'Lind', 'Mitchell', 'xwuckert@example.com', '+57(3)4166571', '1991-02-14 21:54:38'),
(976, 'Satterfield', 'Wilbert', 'dayne97@example.org', '749-566-2592', '1984-02-23 22:02:19'),
(977, 'Block', 'Donny', 'wolff.ciara@example.com', '1-362-905-305', '1988-07-17 12:04:48'),
(978, 'Bogisich', 'Stefanie', 'renner.isac@example.org', '781.355.5242x', '2007-01-26 16:16:23'),
(979, 'Berge', 'Baron', 'lina47@example.org', '06709135565', '1996-01-24 01:22:21'),
(980, 'Blick', 'Pierre', 'mmarks@example.net', '420-081-7854x', '1986-12-28 05:20:09'),
(981, 'Reichel', 'Carey', 'curt.schmeler@example.org', '1-143-762-572', '2016-05-31 18:52:00'),
(982, 'Spinka', 'Jedidiah', 'jeremy.nikolaus@example.net', '+36(4)4313305', '1975-07-28 10:19:19'),
(983, 'Schulist', 'Isaiah', 'jarret35@example.org', '641.687.5590x', '1981-04-03 06:13:54'),
(984, 'Kutch', 'Angelita', 'uhand@example.net', '133-856-8122', '2008-08-20 20:58:31'),
(985, 'Predovic', 'Tianna', 'vicenta47@example.net', '(090)872-9485', '2004-05-26 21:51:34'),
(986, 'Hagenes', 'Merritt', 'hannah95@example.org', '1-270-298-515', '1978-08-25 08:21:16'),
(987, 'Oberbrunner', 'Llewellyn', 'feeney.kianna@example.com', '484.448.2162', '1977-10-26 19:28:05'),
(988, 'Johnson', 'Desmond', 'ucormier@example.net', '(285)675-4645', '1975-10-13 14:24:18'),
(989, 'Rath', 'Karina', 'feil.lucio@example.org', '1-007-800-233', '1975-06-10 00:34:39'),
(990, 'Corkery', 'Wayne', 'qrunte@example.net', '1-732-528-404', '2010-09-10 07:22:36'),
(991, 'Quigley', 'Kian', 'mebert@example.org', '081-126-9210', '1972-07-22 05:17:28'),
(992, 'Brekke', 'Lloyd', 'windler.conner@example.org', '05061520560', '1996-12-22 21:07:04'),
(993, 'Welch', 'Nelda', 'kfunk@example.net', '903-190-9111x', '1996-01-20 02:55:55'),
(994, 'Beahan', 'Taya', 'eino72@example.net', '(361)537-0453', '1995-06-08 15:07:23'),
(995, 'Moore', 'Garrett', 'elisabeth57@example.org', '914-924-3696', '1993-06-30 14:40:26'),
(996, 'Zboncak', 'Mekhi', 'ford33@example.net', '453.250.6829x', '1997-10-12 11:26:44'),
(997, 'Runte', 'Jackeline', 'bernhard.mckenzie@example.org', '452.235.1469', '1993-12-21 20:04:39'),
(998, 'Zemlak', 'Jessika', 'wolff.marc@example.net', '356.746.5564x', '2022-07-27 23:33:22'),
(999, 'Carroll', 'Sterling', 'hoyt87@example.org', '514-070-9915x', '1977-05-23 19:07:56'),
(1000, 'Muller', 'Rhoda', 'franz.bradtke@example.net', '668-808-3494', '2008-08-11 19:54:53');

-- --------------------------------------------------------

--
-- Structure de la table `commander`
--

CREATE TABLE `commander` (
  `idProduit` int(11) NOT NULL,
  `idClient` int(11) NOT NULL,
  `date` date NOT NULL DEFAULT current_timestamp()
) ENGINE=InnoDB DEFAULT CHARSET=latin1 COLLATE=latin1_swedish_ci;

--
-- Déchargement des données de la table `commander`
--

INSERT INTO `commander` (`idProduit`, `idClient`, `date`) VALUES
(1, 928, '1986-04-14'),
(2, 382, '1977-08-31'),
(3, 541, '2007-02-05'),
(4, 686, '1985-06-08'),
(5, 464, '1998-02-04'),
(6, 171, '2000-11-27'),
(7, 856, '1998-01-31'),
(8, 62, '2001-12-25'),
(9, 833, '2001-03-14'),
(10, 646, '2000-04-03'),
(11, 589, '2008-06-19'),
(12, 190, '1987-10-10'),
(13, 557, '1987-09-16'),
(14, 657, '2014-07-27'),
(15, 290, '1996-07-19'),
(16, 718, '1980-04-18'),
(17, 568, '2010-06-12'),
(18, 123, '2016-04-06'),
(19, 200, '1971-03-18'),
(20, 435, '1980-07-20'),
(21, 607, '1970-05-07'),
(22, 810, '1999-07-31'),
(23, 360, '1979-06-20'),
(24, 235, '1974-05-12'),
(25, 551, '1972-09-21'),
(26, 11, '2002-05-16'),
(27, 32, '1995-01-15'),
(28, 532, '2013-12-18'),
(29, 434, '2022-04-15'),
(30, 183, '1989-09-24'),
(31, 802, '1974-03-31'),
(32, 540, '1997-04-03'),
(33, 424, '1974-01-03'),
(34, 371, '1982-02-04'),
(35, 457, '1975-04-21'),
(36, 379, '2006-12-04'),
(37, 529, '2011-02-03'),
(38, 59, '1988-10-09'),
(39, 402, '1970-11-09'),
(40, 14, '1993-09-28'),
(41, 672, '1989-07-26'),
(42, 532, '2015-11-30'),
(43, 483, '1984-04-30'),
(44, 725, '2011-01-24'),
(45, 744, '2005-02-27'),
(46, 311, '2019-10-30'),
(47, 333, '2005-07-15'),
(48, 191, '1978-08-06'),
(49, 148, '2014-12-07'),
(50, 21, '1987-12-08'),
(51, 910, '2008-06-07'),
(52, 606, '2014-05-22'),
(53, 817, '2001-12-07'),
(54, 577, '2004-11-14'),
(55, 25, '1994-12-23'),
(56, 819, '1977-02-20'),
(57, 589, '1992-05-11'),
(58, 579, '1999-07-05'),
(59, 418, '2004-10-26'),
(60, 389, '1977-02-21'),
(61, 319, '1994-11-25'),
(62, 809, '1979-01-04'),
(63, 10, '2019-03-30'),
(64, 835, '2003-07-10'),
(65, 388, '2022-05-30'),
(66, 918, '1992-01-27'),
(67, 462, '1975-11-03'),
(68, 983, '1976-11-28'),
(69, 38, '1996-05-04'),
(70, 962, '1982-10-09'),
(71, 451, '2007-08-23'),
(72, 811, '1988-02-15'),
(73, 614, '1988-04-23'),
(74, 680, '2009-12-09'),
(75, 758, '1978-05-16'),
(76, 171, '2012-12-09'),
(77, 346, '1970-11-20'),
(78, 908, '1983-04-21'),
(79, 526, '2007-04-26'),
(80, 581, '2014-05-03'),
(81, 129, '1973-09-07'),
(82, 286, '2020-06-15'),
(83, 535, '1970-03-06'),
(84, 619, '2000-05-20'),
(85, 783, '1981-12-23'),
(86, 179, '2012-04-05'),
(87, 16, '1976-02-17'),
(88, 492, '1975-08-19'),
(89, 19, '2021-02-03'),
(90, 435, '1983-10-06'),
(91, 863, '2020-03-22'),
(92, 431, '2001-03-20'),
(93, 643, '2007-03-21'),
(94, 590, '1994-03-29'),
(95, 760, '2009-05-24'),
(96, 935, '1983-07-03'),
(97, 226, '1996-01-28'),
(98, 19, '1985-03-28'),
(99, 161, '1997-03-14'),
(100, 453, '2021-07-12'),
(101, 413, '1992-07-19'),
(102, 658, '2014-06-23'),
(103, 746, '2006-12-01'),
(104, 703, '2021-12-07'),
(105, 968, '2015-03-06'),
(106, 351, '2003-05-27'),
(107, 645, '2005-01-08'),
(108, 223, '1992-08-10'),
(109, 369, '1989-10-20'),
(110, 985, '1982-12-13'),
(111, 865, '1980-04-04'),
(112, 348, '2011-08-19'),
(113, 400, '1979-09-19'),
(114, 1, '1997-02-08'),
(115, 559, '1984-09-08'),
(116, 555, '2008-12-06'),
(117, 407, '1998-11-04'),
(118, 336, '1993-01-23'),
(119, 287, '2009-01-15'),
(120, 399, '2001-05-16'),
(121, 899, '1976-10-19'),
(122, 540, '2004-09-03'),
(123, 769, '2001-06-03'),
(124, 49, '1995-12-20'),
(125, 290, '1982-01-01'),
(126, 794, '1982-11-25'),
(127, 907, '2017-10-26'),
(128, 301, '2012-08-18'),
(129, 878, '2008-12-15'),
(130, 11, '2010-06-06'),
(131, 374, '2007-12-31'),
(132, 781, '1984-09-23'),
(133, 345, '2008-01-01'),
(134, 295, '1993-10-18'),
(135, 232, '1997-07-17'),
(136, 995, '1980-08-10'),
(137, 576, '2008-08-06'),
(138, 709, '2013-09-15'),
(139, 863, '1999-07-07'),
(140, 659, '2004-04-03'),
(141, 830, '1970-08-27'),
(142, 130, '1976-01-28'),
(143, 626, '2003-12-21'),
(144, 339, '1970-06-06'),
(145, 93, '2018-06-02'),
(146, 456, '1973-08-03'),
(147, 947, '2015-07-26'),
(148, 777, '2010-07-13'),
(149, 582, '2012-06-05'),
(150, 899, '2014-09-02'),
(151, 879, '2017-11-21'),
(152, 179, '2006-03-01'),
(153, 929, '1980-01-17'),
(154, 736, '2004-01-05'),
(155, 695, '2013-02-14'),
(156, 344, '2014-10-14'),
(157, 743, '1976-01-30'),
(158, 990, '1976-04-20'),
(159, 142, '2019-06-06'),
(160, 551, '2018-11-03'),
(161, 565, '1988-05-02'),
(162, 193, '2012-06-07'),
(163, 450, '2000-10-19'),
(164, 388, '2003-12-24'),
(165, 150, '2005-11-15'),
(166, 917, '2008-05-25'),
(167, 321, '2005-09-10'),
(168, 135, '1989-08-01'),
(169, 62, '1988-08-30'),
(170, 41, '1993-08-05'),
(171, 583, '2001-02-11'),
(172, 607, '1998-03-25'),
(173, 281, '1971-04-04'),
(174, 30, '1990-01-07'),
(175, 21, '2000-07-04'),
(176, 1000, '2005-09-09'),
(177, 694, '2009-01-06'),
(178, 192, '1991-07-02'),
(179, 194, '2012-01-02'),
(180, 675, '2011-12-13'),
(181, 935, '2004-08-10'),
(182, 629, '1982-10-16'),
(183, 440, '1984-06-24'),
(184, 682, '2011-02-06'),
(185, 846, '2014-02-11'),
(186, 951, '2002-05-12'),
(187, 26, '2019-01-22'),
(188, 235, '1983-01-03'),
(189, 850, '1996-04-13'),
(190, 781, '1995-01-14'),
(191, 477, '1981-09-03'),
(192, 241, '1970-04-22'),
(193, 998, '1996-11-21'),
(194, 87, '1977-05-23'),
(195, 974, '2004-12-12'),
(196, 683, '1998-07-10'),
(197, 906, '1992-02-04'),
(198, 336, '1993-05-18'),
(199, 531, '1998-11-06'),
(200, 325, '1993-01-19'),
(201, 884, '1994-07-16'),
(202, 786, '1980-09-15'),
(203, 514, '1996-06-29'),
(204, 285, '2009-01-16'),
(205, 845, '1981-10-18'),
(206, 486, '1993-07-26'),
(207, 461, '1998-11-09'),
(208, 927, '1984-12-21'),
(209, 761, '2019-05-01'),
(210, 715, '1990-10-19'),
(211, 283, '1972-02-08'),
(212, 788, '1986-04-30'),
(213, 686, '1987-07-03'),
(214, 592, '1983-07-31'),
(215, 820, '2005-12-14'),
(216, 36, '2000-09-10'),
(217, 251, '1977-10-02'),
(218, 214, '1970-08-30'),
(219, 64, '1978-07-05'),
(220, 218, '2009-12-14'),
(221, 491, '1975-07-08'),
(222, 420, '1970-05-04'),
(223, 74, '2010-02-26'),
(224, 87, '2014-01-30'),
(225, 202, '1971-01-22'),
(226, 558, '1993-08-20'),
(227, 56, '1995-09-08'),
(228, 275, '1973-09-22'),
(229, 294, '2008-04-01'),
(230, 72, '1977-03-09'),
(231, 901, '1990-11-14'),
(232, 344, '1977-06-04'),
(233, 67, '2010-10-22'),
(234, 110, '1989-12-03'),
(235, 70, '1994-11-06'),
(236, 351, '1980-10-26'),
(237, 615, '1970-04-08'),
(238, 439, '1999-07-07'),
(239, 875, '1972-01-08'),
(240, 221, '1990-06-26'),
(241, 202, '1974-10-30'),
(242, 487, '2003-08-29'),
(243, 449, '2005-03-05'),
(244, 39, '1980-07-25'),
(245, 214, '1989-04-18'),
(246, 416, '1991-11-28'),
(247, 646, '1985-06-14'),
(248, 272, '2004-04-03'),
(249, 726, '2009-01-13'),
(250, 486, '2003-11-08'),
(251, 739, '1972-12-31'),
(252, 116, '1996-04-27'),
(253, 455, '2003-12-15'),
(254, 425, '1989-08-26'),
(255, 165, '2009-12-14'),
(256, 356, '2010-01-01'),
(257, 456, '1983-12-01'),
(258, 155, '2010-02-17'),
(259, 832, '1984-11-08'),
(260, 209, '1995-06-05'),
(261, 657, '1979-09-28'),
(262, 48, '2019-02-15'),
(263, 333, '1990-07-19'),
(264, 702, '2005-07-27'),
(265, 126, '1999-05-25'),
(266, 569, '1991-10-10'),
(267, 265, '1970-01-06'),
(268, 78, '1979-11-11'),
(269, 361, '1995-09-24'),
(270, 23, '1993-01-09'),
(271, 719, '2009-05-10'),
(272, 972, '1974-08-14'),
(273, 141, '1998-07-30'),
(274, 172, '1973-03-11'),
(275, 12, '1999-06-29'),
(276, 79, '2019-06-08'),
(277, 74, '2006-01-20'),
(278, 167, '1974-12-04'),
(279, 829, '2012-12-15'),
(280, 87, '1983-09-23'),
(281, 612, '1996-01-14'),
(282, 274, '2005-11-25'),
(283, 703, '1980-12-04'),
(284, 103, '1988-09-07'),
(285, 858, '1998-02-14'),
(286, 555, '1981-02-07'),
(287, 882, '1975-02-17'),
(288, 310, '2016-11-13'),
(289, 118, '1978-03-09'),
(290, 731, '2007-01-02'),
(291, 343, '2000-07-31'),
(292, 901, '1981-05-25'),
(293, 755, '1993-02-13'),
(294, 852, '2013-07-18'),
(295, 779, '2003-08-31'),
(296, 467, '2009-11-18'),
(297, 160, '1987-01-12'),
(298, 532, '1992-08-31'),
(299, 717, '2021-05-20'),
(300, 417, '2022-07-16'),
(301, 774, '1989-07-16'),
(302, 529, '1993-07-08'),
(303, 58, '1978-10-13'),
(304, 820, '2012-03-09'),
(305, 525, '1993-05-08'),
(306, 746, '1983-07-24'),
(307, 792, '2004-08-30'),
(308, 986, '2018-10-26'),
(309, 750, '1979-06-22'),
(310, 380, '2013-04-24'),
(311, 344, '2017-05-10'),
(312, 703, '2010-08-05'),
(313, 473, '1989-12-12'),
(314, 317, '1979-05-04'),
(315, 933, '2022-08-18'),
(316, 909, '2009-01-09'),
(317, 873, '1993-12-25'),
(318, 834, '2019-05-04'),
(319, 123, '1997-06-29'),
(320, 946, '2010-02-16'),
(321, 532, '1975-05-14'),
(322, 922, '2017-07-28'),
(323, 962, '1972-02-11'),
(324, 71, '1981-06-25'),
(325, 506, '2019-08-23'),
(326, 754, '1990-01-17'),
(327, 61, '1984-01-04'),
(328, 286, '2013-05-19'),
(329, 617, '1986-10-18'),
(330, 109, '1996-08-29'),
(331, 840, '1988-10-19'),
(332, 48, '2010-10-14'),
(333, 425, '1982-09-24'),
(334, 221, '2013-11-27'),
(335, 760, '1972-06-24'),
(336, 209, '2002-10-13'),
(337, 960, '1984-03-18'),
(338, 47, '2021-09-23'),
(339, 894, '2020-04-16'),
(340, 710, '2021-12-05'),
(341, 837, '2014-07-30'),
(342, 8, '2014-11-24'),
(343, 18, '1974-10-31'),
(344, 144, '1986-01-23'),
(345, 837, '1995-03-05'),
(346, 991, '2007-04-26'),
(347, 950, '2011-05-30'),
(348, 316, '1980-10-02'),
(349, 656, '2005-01-17'),
(350, 974, '1987-03-15'),
(351, 62, '1998-01-14'),
(352, 400, '2013-10-05'),
(353, 30, '2012-07-02'),
(354, 2, '1974-03-15'),
(355, 785, '1993-08-31'),
(356, 361, '1983-03-12'),
(357, 622, '2022-02-14'),
(358, 742, '1987-01-14'),
(359, 13, '1999-08-17'),
(360, 310, '1998-05-20'),
(361, 43, '1978-04-06'),
(362, 618, '1995-05-03'),
(363, 53, '1998-01-27'),
(364, 707, '1994-06-13'),
(365, 63, '1975-03-18'),
(366, 923, '1998-03-10'),
(367, 291, '1982-11-24'),
(368, 371, '1996-05-10'),
(369, 252, '2018-09-27'),
(370, 404, '2003-08-06'),
(371, 539, '1991-10-27'),
(372, 633, '2019-11-01'),
(373, 706, '1973-02-02'),
(374, 526, '2010-06-24'),
(375, 502, '1992-04-01'),
(376, 265, '2009-09-27'),
(377, 654, '2003-12-11'),
(378, 209, '2008-11-27'),
(379, 976, '1988-12-12'),
(380, 955, '2000-03-03'),
(381, 719, '2001-06-05'),
(382, 761, '1991-05-19'),
(383, 579, '1980-10-28'),
(384, 26, '1976-07-31'),
(385, 662, '1987-03-03'),
(386, 649, '2019-06-04'),
(387, 844, '2019-09-15'),
(388, 756, '1977-12-13'),
(389, 450, '1975-11-07'),
(390, 143, '2000-03-11'),
(391, 958, '2013-05-30'),
(392, 881, '1976-12-29'),
(393, 207, '1995-02-14'),
(394, 425, '1981-06-18'),
(395, 777, '1994-09-16'),
(396, 849, '2000-01-01'),
(397, 766, '1992-02-25'),
(398, 326, '2007-01-27'),
(399, 899, '1995-01-10'),
(400, 780, '1971-11-20');

-- --------------------------------------------------------

--
-- Structure de la table `contact`
--

CREATE TABLE `contact` (
  `idcontact` int(11) NOT NULL,
  `idclient` int(11) DEFAULT NULL,
  `numero` int(11) DEFAULT NULL,
  `email` varchar(255) DEFAULT NULL,
  `nom` varchar(255) DEFAULT NULL
) ENGINE=InnoDB DEFAULT CHARSET=utf8mb4 COLLATE=utf8mb4_general_ci;

--
-- Déchargement des données de la table `contact`
--

INSERT INTO `contact` (`idcontact`, `idclient`, `numero`, `email`, `nom`) VALUES
(1, 2, 606060606, 'test@gmail.com', 'toto');

-- --------------------------------------------------------

--
-- Structure de la table `produit`
--

CREATE TABLE `produit` (
  `id` int(11) NOT NULL,
  `nom` varchar(200) NOT NULL,
  `description` text NOT NULL,
  `prix` int(11) NOT NULL
) ENGINE=InnoDB DEFAULT CHARSET=latin1 COLLATE=latin1_swedish_ci;

--
-- Déchargement des données de la table `produit`
--

INSERT INTO `produit` (`id`, `nom`, `description`, `prix`) VALUES
(1, 'Anabelle Pass', 'Voluptatem aut laborum modi esse autem ipsam. Velit mollitia consequuntur et ut at blanditiis quia. Necessitatibus omnis quis ab omnis. Dolores non eos voluptatem explicabo. Vel voluptas culpa iste et magnam quis blanditiis.', 159),
(2, 'Emelie Lakes', 'Nulla beatae eum eius blanditiis. Provident ut voluptatem qui pariatur consequatur voluptatem magnam eum. Doloremque sint praesentium dolores est. Rerum voluptatem vel ut eaque.', 179),
(3, 'Jerde Meadow', 'Voluptatem veritatis facere id repellat. Earum minus ut qui dolorum. Deserunt voluptate et aut doloribus corporis eos.', 353),
(4, 'Aracely Spurs', 'Sunt dolorem vero non molestias. Vel vitae voluptatem perspiciatis doloribus. Maiores maxime commodi fugiat quasi. Error modi quis dolores ipsam et.', 178),
(5, 'Barbara Dale', 'Consequatur nulla voluptas temporibus nostrum cumque culpa. Optio eos a assumenda non. Cupiditate incidunt aliquid commodi porro.', 405),
(6, 'Isaiah Shoals', 'Magni non provident nemo qui vel. Velit rerum rerum nemo est atque distinctio. Quisquam consequatur aut alias similique non molestiae.', 312),
(7, 'Schamberger Alley', 'Ut quia autem aut id vel. Omnis perspiciatis asperiores dolore laboriosam. Qui totam et expedita vel beatae. Asperiores quidem qui velit id ratione est. Autem ut magni necessitatibus saepe alias voluptas et.', 209),
(8, 'Kshlerin Extensions', 'Distinctio hic laboriosam cumque ullam sint. Et totam doloribus minima voluptatum repudiandae est. Quo quidem ut sed ex.', 412),
(9, 'Zack Crescent', 'Fuga iure autem quis expedita. Id iusto placeat et adipisci. Nemo tempore qui iusto nobis perferendis qui.', 112),
(10, 'Gerlach Light', 'Blanditiis nemo laboriosam omnis. Enim ut quam repellat incidunt vitae voluptas quisquam. Explicabo velit quidem natus et quo distinctio. Sed dolores amet sequi explicabo blanditiis.', 6),
(11, 'Schumm Heights', 'Omnis aut fugit corrupti. Dolorem asperiores facilis magni aspernatur voluptas doloremque nihil. Occaecati laudantium voluptas fuga fuga non libero modi.', 242),
(12, 'Marietta Isle', 'Voluptas repudiandae voluptatibus quia et. Repellat voluptatem commodi commodi ipsum tempora facere. Enim eum quia a dicta error. Laborum voluptatem perspiciatis fugit.', 497),
(13, 'Darrion Ramp', 'Aut rerum ab dolorem fugit labore ratione exercitationem vel. Consequatur sunt eveniet vel officia aperiam. Eum aut exercitationem sapiente nihil. Laudantium labore temporibus rerum rerum fugiat unde.', 15),
(14, 'Lulu Summit', 'Sit et voluptas qui temporibus. Molestiae voluptate vel et odit eveniet voluptas. Quo quia enim nisi. Reprehenderit quis provident qui harum.', 384),
(15, 'Lenore Trail', 'Illo dolorem aperiam exercitationem expedita. Aliquam et repellat voluptatem voluptate officiis blanditiis numquam. Nobis est debitis minus dignissimos qui fugit quisquam ducimus. Ex adipisci est et vel saepe eos. Enim aut adipisci nihil ut.', 238),
(16, 'Keebler Street', 'Iusto dolorum beatae qui eos. Velit non perspiciatis ex et saepe repellat totam nemo. In culpa et officia qui.', 357),
(17, 'Hermann Fort', 'Doloremque dolor fugit consequatur repudiandae perspiciatis. Fuga aliquam sunt recusandae aut sit. Unde culpa ullam voluptas ducimus odio deserunt quis dignissimos.', 364),
(18, 'Kub Village', 'Incidunt totam aut rem. Quibusdam sint recusandae magni autem natus. Et quis labore sed consequatur.', 413),
(19, 'Wehner Park', 'Ut totam dolorum maiores ipsum velit. Dolores repellendus laborum nemo enim est. Culpa molestiae minima placeat quae distinctio occaecati quia. Autem voluptatum cumque occaecati reprehenderit consequatur est ab.', 208),
(20, 'Verna Dale', 'Molestias sint voluptatibus magni autem illo ipsum nulla. Labore suscipit qui fugiat sapiente fugit. Maxime voluptas quia quia id sed perferendis qui.', 410),
(21, 'Armand Glens', 'Non a fugit a libero. Nihil quo distinctio nostrum error. Mollitia aut iure ut fuga distinctio iusto. Maxime dolores accusantium neque esse.', 125),
(22, 'Gaylord Rue', 'Blanditiis a aut deserunt sed iusto enim deleniti. Commodi asperiores doloremque aut voluptatum. Vel vero quis ut.', 80),
(23, 'Marquardt Rapid', 'Eos odit tempora laboriosam pariatur pariatur eos similique. Aliquam nihil repellendus incidunt at et. Et doloribus aliquam tempora. Enim aut repellendus est quisquam dignissimos sed enim perferendis.', 324),
(24, 'Jonathan Stream', 'Numquam in sunt error id. Quam ad ut voluptatem possimus. Qui corporis accusantium vel ipsum. Delectus aut reprehenderit voluptatibus laborum aliquam vero.', 64),
(25, 'Gleason Groves', 'Facilis odio est cum recusandae nulla vel. Ratione omnis voluptas enim voluptatem. In nulla tenetur autem quae odit est hic. Tempora distinctio enim cum molestiae et vitae. Doloremque aut iste minus ab.', 78),
(26, 'Miller Springs', 'Magnam consequatur praesentium aut velit quo ipsum. Distinctio quae non accusantium necessitatibus ad non. Facere voluptatem perspiciatis est a. Consequatur minima quam laboriosam cupiditate perspiciatis et. Est a sunt eligendi enim aut doloremque saepe.', 309),
(27, 'Paucek Plain', 'Laudantium corporis repellendus quia tempora vitae. Tempore et expedita provident laboriosam sit rerum. Inventore non distinctio sequi quis repellendus consequatur. Iste totam iste consequatur ad aut.', 67),
(28, 'Stephen Wall', 'Quas nihil fugiat ut. Expedita nam sapiente voluptas molestiae. Sed ut est assumenda ea.', 500),
(29, 'Hilll Cove', 'Et autem dolorem at. Molestiae autem dolores doloribus sit. Dolor labore natus eum. Occaecati ducimus delectus ad aliquid aliquid.', 230),
(30, 'Linnea Pike', 'Repudiandae quod placeat quas ad nostrum placeat. Sunt consectetur nulla praesentium et.', 164),
(31, 'Jacobi Forest', 'Minus odit voluptates voluptatem labore. Aut consectetur totam distinctio et necessitatibus et velit. Et beatae odio voluptas.', 211),
(32, 'Bogan Locks', 'Quae non iusto nihil dolore aut neque. Nisi consequuntur molestiae magni sed. Rerum quaerat commodi ratione esse id.', 425),
(33, 'Rene Vista', 'Eaque sed est veritatis. Optio nobis et possimus nulla omnis accusantium error. Ex illum qui sit voluptatem aut officia harum.', 201),
(34, 'Nelle Hollow', 'Dolorem eum rem corporis illum. Sit voluptatibus quia dolores voluptatem velit. Provident eligendi enim et veniam voluptas similique illo. Reprehenderit culpa fugit a vero quasi et.', 416),
(35, 'Malvina Streets', 'Tenetur animi inventore odio qui iure. Non possimus eos repellendus mollitia corrupti laudantium.', 459),
(36, 'Witting Lock', 'Quod ut voluptatem harum maxime fugit. Provident eligendi repellat quis accusamus. Aut voluptatem magnam debitis rem cumque.', 119),
(37, 'Ruben Points', 'Quae iusto magnam iusto. Vel distinctio ducimus quia et vel.', 105),
(38, 'Schaden Curve', 'Quia nobis ducimus adipisci aut quam aut consequatur. Vitae optio dignissimos odit sint. Qui eligendi sint ipsum eum.', 236),
(39, 'Emmerich Station', 'Esse hic impedit unde. Sequi quia eaque qui porro voluptate ut. Qui possimus nisi architecto.', 417),
(40, 'Kellen Walk', 'Et minima ut iste provident accusamus. Voluptatem dolorem adipisci ut iure dolores omnis. Numquam unde deleniti similique. Placeat ratione aut porro.', 401),
(41, 'Filomena Lane', 'Impedit eaque aperiam porro voluptas. Assumenda omnis atque eaque porro tempora voluptate quia. Et nulla recusandae nisi.', 366),
(42, 'Hills Park', 'Iste nihil aliquid quaerat corrupti velit aut impedit. Amet dolores aliquid error impedit officiis ut illum. Recusandae ratione quia perferendis. Commodi quia nemo modi ut aliquam omnis.', 216),
(43, 'Armstrong Well', 'Qui et sint sed recusandae quia. Aut nobis ab et ipsa quas sit enim. Eius sunt ipsum consequuntur eum velit. Sed fugit eos enim enim eius error.', 416),
(44, 'Emily Crest', 'Quidem enim voluptatem est atque tenetur cum cupiditate. Inventore aut porro dolores neque velit earum voluptas.', 308),
(45, 'Bernhard Forest', 'Impedit harum ad quia ipsum consequatur pariatur. Quo blanditiis reprehenderit officiis nihil. Reiciendis ea natus eos nesciunt officia doloribus blanditiis.', 82),
(46, 'Norma Station', 'Quibusdam quia maxime officiis architecto mollitia perspiciatis voluptatibus. Quis fugit debitis incidunt odio consequatur et laborum. Nostrum vero voluptas velit alias. Ut ea perferendis officia rem non.', 410),
(47, 'Breanna Lake', 'Sed laboriosam et enim ut voluptatem molestiae. Vel molestias voluptatem praesentium est eos sit excepturi. Aliquid et quia dignissimos ab dolorum vel. Quod doloribus et sed porro.', 178),
(48, 'Conn Plaza', 'Velit quos omnis quibusdam. Labore minus et ad hic qui consequatur vero. Eos laboriosam quia molestias sint dolor.', 183),
(49, 'Stokes Cape', 'Esse esse earum veniam incidunt. Non accusamus magnam nesciunt in beatae quod eaque. Laudantium laudantium aliquam labore est atque. Velit vel sed excepturi doloribus animi minus.', 398),
(50, 'Alanna Club', 'In nesciunt quis doloribus aut et. Aut hic id nisi ut rerum rerum. Voluptatem ducimus doloribus deserunt perspiciatis voluptatem.', 92),
(51, 'Botsford Village', 'Aut eaque est aspernatur. Molestiae fugit rerum quo aperiam ex delectus voluptatem. Qui qui voluptatibus sit delectus.', 129),
(52, 'Kaelyn Island', 'Molestiae voluptatem et soluta sit quia culpa. Ipsam qui sit esse aperiam. Pariatur ut tempora ipsum voluptatem consectetur. Natus molestias quos et id.', 138),
(53, 'Konopelski Vista', 'Non modi culpa nesciunt nihil velit aspernatur doloribus. Fugiat fuga et esse. Ut nam amet natus. Ut dolorem aut deleniti cupiditate qui et dolores.', 323),
(54, 'Lehner Circles', 'Et quasi saepe quasi placeat dolores dolorem. Quidem et delectus dolor nihil. Omnis vel qui dolores veniam numquam.', 235),
(55, 'Moen Gardens', 'Et ab veritatis quasi mollitia libero vel eaque. Eligendi et voluptates quia libero est itaque. Aliquid laborum aut ipsa quia hic quam.', 34),
(56, 'Gibson Crescent', 'Sunt accusantium et tempora et perspiciatis consequatur nulla. Omnis repellat quibusdam ipsum molestias adipisci omnis harum. Veniam excepturi distinctio non omnis vel ad.', 232),
(57, 'Laney Estate', 'Autem impedit maxime eum nemo et vero delectus. Eos dolor cupiditate totam minima nemo repellendus. Qui quo iste qui et.', 483),
(58, 'Anderson Ports', 'Reprehenderit earum est consequatur. Odit vitae asperiores voluptatum non.', 4),
(59, 'Dickinson Mill', 'Dolores et et qui quos quo molestias. Aut at adipisci atque doloremque. Quaerat commodi excepturi minima ducimus expedita explicabo ipsam. Soluta nisi at voluptas eveniet iusto. Et repellat sed quia quisquam earum magni velit.', 92),
(60, 'Marina Fork', 'Amet excepturi quam fugiat exercitationem qui. Maxime aspernatur perspiciatis ipsam rerum itaque perspiciatis placeat.', 181),
(61, 'Ewald Gateway', 'Voluptatibus adipisci est velit tempore animi est ad. Qui assumenda et velit quo dolorum doloribus. Omnis natus qui alias repellendus enim commodi commodi omnis. Voluptatem vel iure ad hic.', 361),
(62, 'Michaela Meadows', 'Tempora consectetur nihil quia dignissimos. Nemo ullam animi assumenda in praesentium neque.', 324),
(63, 'Sauer Trail', 'Sit aut sit molestiae minus corporis ullam facilis consequatur. Officiis et omnis dicta eum laborum dolore. Rerum neque nisi veniam ducimus. Consequatur aut reiciendis consequatur et.', 183),
(64, 'Opal Oval', 'Dolorem ut esse quia laboriosam ipsa deserunt. Voluptas unde a omnis dolore. Labore sint numquam et et. Qui iusto eos est aut doloremque nisi corporis vero.', 400),
(65, 'Cremin Turnpike', 'Odit modi et ratione non. Dolorem dolorem quia ullam rerum assumenda. Sit reprehenderit officia et dolor voluptates.', 299),
(66, 'Nicolas Plaza', 'Iusto iste error sapiente aut dicta. Rerum dolor optio dolor sapiente eum.', 255),
(67, 'Gusikowski Prairie', 'Aut quaerat similique maiores ut. Et autem debitis sunt dolores exercitationem. Exercitationem deleniti dolorum architecto molestiae ut sapiente fugit et.', 162),
(68, 'Weissnat Plaza', 'Perspiciatis autem distinctio sint sit a commodi eos. Fuga alias at rerum reiciendis cupiditate reprehenderit pariatur. Est vero vel omnis perspiciatis nihil aut dolores. Sit est quod quaerat consequatur laborum.', 133),
(69, 'Ernser Orchard', 'Illo in voluptas amet minus sint. Quia occaecati accusamus atque odio ipsa. Itaque dolorum rerum quaerat ratione aut repellendus culpa.', 308),
(70, 'Wuckert Island', 'Nihil aliquid velit temporibus doloribus vero. Qui ut earum aliquid non. Corrupti pariatur cumque sunt quaerat dolorem. Ratione rerum qui doloremque hic quia qui ipsum.', 67),
(71, 'Corwin Roads', 'Placeat temporibus dolores qui temporibus facilis ea. Facere nostrum voluptatem est perspiciatis molestias natus.', 298),
(72, 'Ruecker Route', 'Nulla labore praesentium et et. Aliquid est veniam maiores nostrum voluptates eveniet recusandae eligendi. Qui velit quis exercitationem rem consequatur excepturi sunt. Atque laudantium et magni totam.', 183),
(73, 'Buckridge Cape', 'Aut dolorem dolore esse numquam voluptatem nihil quaerat. Natus quia ut possimus quibusdam tenetur. Eveniet dolor totam est eligendi est. Sed distinctio sit earum saepe illo quo quia. Saepe iusto in qui veniam nam necessitatibus pariatur.', 157),
(74, 'Miller Passage', 'Voluptatem ex reprehenderit iure voluptatum omnis quaerat. Qui architecto aliquid vel quo occaecati impedit ducimus. Ut autem perspiciatis ipsum aut aliquid cupiditate.', 454),
(75, 'Cronin Cliff', 'Aut error minus et debitis ipsam voluptatem amet. Et earum soluta eum eos ratione velit. Doloremque architecto magnam aut nisi placeat tenetur.', 131),
(76, 'Romaguera Fort', 'Placeat fugit quia aut et. Eos provident corrupti natus veritatis. Odit voluptates laborum quia praesentium exercitationem voluptatem dolores.', 99),
(77, 'Maggio Lights', 'Modi mollitia labore qui fuga praesentium distinctio vitae. At nisi sunt non vitae. Et ducimus exercitationem soluta minus eos sequi illum. Iure eveniet ut impedit sit omnis.', 132),
(78, 'Dean Radial', 'Atque est tempore sed ad repellendus sunt ipsa. Quas nam quisquam nulla expedita facilis ad blanditiis. Et ut cumque fugiat a.', 463),
(79, 'Cruickshank Square', 'Magni dolorem ut ut ut harum id velit. Incidunt ut eaque eos repellat aut ut nobis. Dolorem ad nesciunt est velit ut. Atque quia autem qui consectetur sunt sint suscipit.', 212),
(80, 'Wintheiser Garden', 'Deleniti atque consequatur sunt id dolores. Fugit et quisquam aspernatur. Fugit blanditiis sit fuga aut corrupti debitis molestias magni.', 495),
(81, 'Hintz Key', 'Non atque voluptatibus suscipit facere consequatur. Illum ut laboriosam voluptas porro voluptatibus. Nesciunt rerum sed rerum veniam id illo eaque.', 477),
(82, 'Koepp Flat', 'Molestias non unde cupiditate enim eum. Qui nihil consequatur eaque quia qui nam qui tempora. Sunt asperiores minima fugit ipsa dicta molestiae consectetur. Ullam optio vero accusantium temporibus et.', 400),
(83, 'Creola Vista', 'Ipsum omnis non adipisci fuga enim. Ad in provident minima ut molestias iusto qui. Harum ut quam reiciendis perspiciatis temporibus.', 332),
(84, 'Runolfsson Plaza', 'Rerum culpa sunt maxime qui ea excepturi velit. Et expedita qui cumque debitis voluptatem id exercitationem molestias.', 463),
(85, 'Dee Track', 'Ex quibusdam exercitationem ut enim libero distinctio velit. Natus aspernatur consequatur repellat minus recusandae et. Aut veritatis animi quia ipsum.', 44),
(86, 'Treutel Cliffs', 'Voluptatem molestiae ut et voluptas deserunt. Veniam rerum ut ut voluptatum voluptas. Et eos quia laboriosam repellendus reiciendis temporibus quasi. Adipisci quam quibusdam et consequatur aut.', 453),
(87, 'Schumm Mews', 'Provident natus iste assumenda beatae omnis exercitationem autem. Ex dolores laborum quia asperiores quisquam eum totam. Velit consequatur enim ut non illum. Pariatur consequuntur accusamus sit sed consequatur rem molestias quis.', 499),
(88, 'Dora Via', 'Officiis beatae esse quod dolorem. Dolorem eius et iusto voluptas neque est quia.', 68),
(89, 'Koch Trace', 'Ut sunt vero recusandae quisquam numquam est ipsa. Minus corporis dolor ea itaque. Quo sit dolor consectetur perferendis.', 250),
(90, 'Chanel Tunnel', 'Facilis minus deserunt magnam ut ipsum eos. Numquam laborum odio ea amet. Perferendis est quia cupiditate sint voluptate. Alias iste voluptatem facilis porro quo.', 464),
(91, 'Konopelski Crest', 'Illum sequi possimus tenetur eos repellat officiis cum quis. Et nulla blanditiis et rerum aspernatur dolorum. Minima recusandae rerum magni et qui iure commodi porro.', 292),
(92, 'Belle Ferry', 'In praesentium minus repellendus quia. Est similique voluptate eos aspernatur numquam enim.', 30),
(93, 'Corene Roads', 'Eius et non qui a voluptatem. Perspiciatis dolorem non expedita illo sunt temporibus. Ullam voluptates maiores adipisci unde. Quia eos qui voluptatem voluptas recusandae.', 170),
(94, 'Clifford Village', 'Minus dolores tenetur consequatur suscipit dignissimos laborum. Omnis hic aliquam sapiente recusandae odio neque. Illum et eos eligendi beatae eligendi porro aliquid.', 361),
(95, 'Jast Port', 'Quibusdam repellendus minus a. Impedit laboriosam id quo tempora molestias inventore ratione. Incidunt adipisci modi amet dignissimos eum.', 257),
(96, 'Effertz Shoal', 'Est impedit ut quis velit possimus assumenda voluptatem. Temporibus voluptatem voluptatem doloribus mollitia deleniti. Rem libero velit voluptatum suscipit dolorem autem.', 385),
(97, 'Reece Flat', 'Fugiat at dolores sequi enim et. Est officiis soluta in doloremque aut veniam molestiae. Aut labore non ut non ut est temporibus. Est voluptas adipisci aliquam incidunt nulla omnis.', 110),
(98, 'Graham Loop', 'Tenetur omnis aperiam placeat itaque tempore. Perspiciatis aut fugit quia quam autem qui nisi. Dolorum rerum ab doloribus sed quia possimus.', 243),
(99, 'Rice Mews', 'Fugiat voluptatem quia magnam alias. Nisi tempora praesentium quis voluptas cupiditate aut expedita id. Nemo fugit nihil unde iusto. Repellendus sint illo occaecati rerum omnis rem ut earum.', 132),
(100, 'Ettie Valley', 'Aperiam at explicabo est officiis commodi ratione placeat in. Sunt sit delectus non quis. Culpa voluptatem esse in ducimus itaque. Aut consequatur asperiores doloremque ut dolores maiores atque dignissimos.', 317),
(101, 'Audra Point', 'Culpa ut aliquid ut qui magnam commodi et. Corporis magnam officiis expedita voluptas qui atque voluptas non. Tempora blanditiis consectetur aliquam adipisci voluptatum qui. Repellat et sed velit eos sed sed amet. Dolorum provident autem sint occaecati.', 375),
(102, 'Luz Greens', 'Quia totam sunt enim eos eum voluptatem corrupti. Reprehenderit enim alias fuga at tempore. Necessitatibus ut asperiores fugiat laborum voluptas. Dolor et molestias quae odit accusamus earum molestias.', 421),
(103, 'Greta Valleys', 'Mollitia dolor ut voluptas nemo sed ut reiciendis. Eaque qui atque distinctio iusto. Repellendus qui iure nulla ipsam. Odio ut ut id odit vel vel. Ducimus aut quasi aut numquam.', 302),
(104, 'Imani Roads', 'Optio omnis qui sint reprehenderit voluptatibus. Atque pariatur harum et. Expedita voluptatum exercitationem vel ut ut soluta iste.', 95),
(105, 'Vern Motorway', 'Et eligendi odio nostrum ab. A nihil deleniti sed ut dicta delectus nesciunt. Cum est neque molestiae nemo. Aut blanditiis placeat consectetur iste dignissimos asperiores optio.', 486),
(106, 'Yost Locks', 'Sunt harum qui ut alias sunt nobis. Et dicta beatae facilis repellat exercitationem quam. Aliquid recusandae asperiores id corrupti nulla.', 435),
(107, 'Kacey Ports', 'Omnis atque illo et est et dolor nihil. Neque delectus dolore voluptatem quisquam. Temporibus rem deleniti ut quis provident. Eligendi error et voluptatem sint asperiores.', 396),
(108, 'Ruecker Prairie', 'Dolore ut laborum autem dolorem. Voluptates asperiores vel nesciunt adipisci fugit in praesentium. Eligendi quasi quos nihil voluptatum excepturi nisi ad. Voluptatibus expedita molestias sit inventore ad nisi vel.', 72),
(109, 'Volkman Ranch', 'Asperiores deleniti impedit quod nihil suscipit labore laboriosam culpa. Voluptate ipsum enim repellat saepe odit necessitatibus expedita. Assumenda ipsum sunt quaerat vel quisquam. Vel nesciunt est corporis id.', 76),
(110, 'Torp Ford', 'Expedita eligendi ad doloremque maiores assumenda maiores quas. Suscipit quasi quidem tempore ducimus. Hic tempora et eos iste labore.', 81),
(111, 'Jo Plains', 'Amet et laboriosam non exercitationem. Et aut cumque repellat. Eligendi autem eos voluptas rerum.', 298),
(112, 'Kamron Keys', 'Sunt perspiciatis esse molestias. Voluptas quo eos soluta animi natus perferendis sit. Dignissimos voluptatum doloribus aperiam quod quisquam.', 151),
(113, 'Maryjane Way', 'Rem quis minus soluta et error. Dolores qui ut officiis incidunt.', 458),
(114, 'White Road', 'Nobis deserunt nemo et saepe in. Veritatis quas quas odio quia eos. Dolorem adipisci nobis esse. Nemo ex nulla itaque expedita excepturi consequatur sint.', 10),
(115, 'Baumbach Estates', 'Iusto velit praesentium assumenda cupiditate ab facere dolor. Voluptas vero vel expedita facilis. Recusandae dolorem consequatur numquam sed. Voluptatem accusantium consequatur dolorum enim quo sed totam.', 393),
(116, 'Cali Port', 'Ad non est facilis. Fugit similique voluptas tempore beatae. Ut cumque repellendus consectetur sint optio.', 361),
(117, 'Kara Mission', 'Accusantium quas temporibus odit qui. Est corporis quia cupiditate sit voluptatem voluptatem id. Dolorem earum labore magnam tenetur dicta impedit est molestiae. Totam praesentium expedita minus est autem veniam.', 123),
(118, 'Joesph Way', 'Quo ducimus consequatur optio sunt. Aut natus molestiae doloribus laudantium et in. A debitis et eveniet labore minus. Mollitia corporis minima enim qui doloribus cum quo est.', 99),
(119, 'Ortiz Mountains', 'Sed temporibus omnis nam voluptatem. Aut voluptatibus quis veritatis similique voluptas. Earum ea eius vero ad saepe est praesentium sunt. Ea similique vel et recusandae voluptate ut repellendus dolores.', 101),
(120, 'Stark Mill', 'Aut et autem ex ab et consequatur. Asperiores ut ad cum nemo at. Esse a voluptatem omnis ut quasi consectetur est magnam.', 58),
(121, 'Mabelle Inlet', 'Accusantium totam voluptatibus quis atque. Recusandae dolorem eveniet quaerat iusto voluptatibus. Eligendi omnis ipsa corrupti eos omnis. Corporis veniam esse nisi et consequuntur omnis eius.', 424),
(122, 'Harris Fork', 'Ipsum cum ex sequi et. Nihil accusamus voluptas in architecto laboriosam possimus minus. Dolorum sapiente voluptatem vel placeat reprehenderit.', 172),
(123, 'Nicolas Manor', 'Occaecati a occaecati exercitationem soluta nisi quae et. Quos tempora consequatur quis est voluptatem quaerat animi. Iste ut explicabo aut soluta. Ratione reprehenderit mollitia neque vel sed sunt. Ab optio et animi est et molestiae quidem.', 383),
(124, 'Preston Valleys', 'Quia ex atque nobis aliquid et. Delectus a et nesciunt quis autem et voluptas. Optio voluptas rerum vitae delectus facilis error non.', 6),
(125, 'Cole Shores', 'Reprehenderit animi non quia adipisci. Assumenda in tempore qui quis vel et pariatur. Voluptatem earum et vel dolores itaque ratione reiciendis eum. Aut illo architecto et. Vel reprehenderit temporibus beatae eum et dolorem.', 256),
(126, 'Armstrong Village', 'Voluptas dolores quasi esse eligendi veniam quia debitis et. Excepturi quis hic illum culpa iure. Sed magni rerum sunt est eum. Rerum accusantium magnam iste.', 80),
(127, 'Hessel Ranch', 'Magnam eius rerum possimus deleniti incidunt accusantium. Aliquam corrupti cum necessitatibus perspiciatis ducimus. Dolor voluptatem fugit ut voluptatem et enim eveniet. Quas magni eius hic aliquid eius ullam soluta ullam.', 406),
(128, 'Peyton Corner', 'Iste dolorem labore mollitia commodi nihil et. Ut similique sapiente ullam rerum molestiae pariatur eius. Voluptates eos tempora dolorum expedita. Sed voluptas sed excepturi labore.', 267),
(129, 'Lamar Village', 'Ea fugit magni consequatur omnis quaerat impedit. Iste et dolore labore eum vel iusto. Omnis sint quo explicabo voluptas sapiente.', 360),
(130, 'Reichel Prairie', 'Laborum et ullam dolore et qui quia aut. Quia ipsum sequi doloremque repellat quos. Perferendis necessitatibus enim et minus enim voluptate illo.', 164),
(131, 'Marjory Knoll', 'Necessitatibus ullam ab itaque alias. Aut et voluptatibus et ipsam ea.', 272),
(132, 'Cronin Common', 'Temporibus delectus nemo rem tempora quisquam laborum praesentium. Eveniet est ut enim asperiores explicabo et. Veniam dicta libero quibusdam et.', 71),
(133, 'Cortney Ports', 'Voluptatem fuga repellat maxime non quibusdam et unde. Voluptatem minus qui aspernatur temporibus aperiam neque quae enim. Error et illum velit sit et dolorem. Vero iusto aut quisquam autem.', 235),
(134, 'Devyn Crossroad', 'Ut corrupti quia laborum quidem laborum vitae. Error animi dicta minus fugit. Assumenda corrupti est ut non aliquam modi molestias. Omnis nostrum ex maxime velit dicta cupiditate adipisci.', 379),
(135, 'Romaguera Stream', 'Numquam aperiam consequuntur assumenda omnis ea eum. Est voluptate aliquam qui aut aut eum neque. Delectus voluptatem mollitia molestiae reprehenderit et nemo.', 478),
(136, 'Beatty Walk', 'Occaecati quo quibusdam tempore officia magnam. Laboriosam blanditiis praesentium odio qui ratione.', 3),
(137, 'Johnston Canyon', 'Libero labore quod sint alias doloremque. Unde quis minus eos voluptatibus sit excepturi. Sed deserunt qui suscipit iste iusto temporibus. Reiciendis et ea omnis quaerat exercitationem aliquid.', 283),
(138, 'Carter Bypass', 'Architecto voluptatem maxime omnis pariatur pariatur. Ratione suscipit doloribus omnis soluta. Repudiandae ut fugiat ipsum. Dolores ab blanditiis nihil vero dicta dolores sint omnis.', 125),
(139, 'Marc Isle', 'Ex quis enim beatae autem eligendi quia nihil. Eos ducimus aut quis amet qui. At dolores ut doloremque.', 183),
(140, 'King Lock', 'Sint perferendis natus ea aut officia eveniet. Eaque perferendis molestias est tenetur.', 175),
(141, 'Fay Summit', 'Dolor ex eveniet reiciendis veniam quae enim sunt. Quisquam velit in odit quo accusamus. Soluta odio enim aut culpa maxime. Sunt quis a rerum ut.', 188),
(142, 'Braeden Trace', 'Mollitia quia qui ratione quis omnis qui. Incidunt impedit magnam sint maiores voluptas veritatis assumenda. Nemo aspernatur natus voluptate maiores illo velit. Consectetur qui necessitatibus iure recusandae quis est excepturi.', 313),
(143, 'Feeney Rapids', 'Nihil rerum ipsam et. Architecto omnis vero earum dignissimos aut cumque. Nobis voluptates odit nobis et.', 27),
(144, 'Gerry Meadows', 'Aliquam esse omnis aut ex ut sint totam iusto. Id reprehenderit aut aperiam totam autem. Ab est veniam itaque et. Soluta ea eos voluptatem voluptatum nisi mollitia.', 361),
(145, 'Rafael Passage', 'Rerum velit nulla ut aut officiis quas nam. Consequatur facilis qui iusto in. Totam rerum laborum velit consectetur facilis cupiditate. Et ut ex qui non tempore assumenda. Saepe totam voluptatem soluta explicabo consequatur laborum adipisci vitae.', 129),
(146, 'Autumn Dale', 'Nihil enim nobis consequatur omnis ut itaque. Est et aut ea repellat quaerat inventore. Id doloribus deserunt dolores fugit assumenda.', 1),
(147, 'Jorge Curve', 'Molestias vero vel iste vel. Dolore nulla repellendus rerum molestiae tempore dolorum. Velit quis ab ea fugiat debitis illo illo aliquam.', 499),
(148, 'Sonia Turnpike', 'Doloribus enim porro quasi quia aut enim. Voluptatem doloribus et fuga corrupti. Sit tempora numquam quam. Veniam sequi ut possimus qui.', 45),
(149, 'Fred Grove', 'Excepturi provident sed qui ullam. Nam rerum dolores rem enim iste harum occaecati. Qui nostrum ipsum et commodi. Provident modi sunt inventore voluptatem.', 432),
(150, 'Tressie Landing', 'Ullam cumque accusamus qui voluptatem. Amet sed vitae iste eaque molestias. Aut voluptas qui ut placeat reprehenderit inventore ipsa architecto.', 277),
(151, 'Bode Fall', 'A natus cumque praesentium ut. Laudantium consequatur doloremque et est dolore. Amet rerum aliquid culpa dolores. Iure quia porro numquam vel hic ipsum et.', 191),
(152, 'Marc Ports', 'Dignissimos molestiae fugit ducimus ullam id sed explicabo. Dolores libero recusandae culpa tempore. Deserunt maiores sunt nihil consequatur.', 376),
(153, 'Savanah Walks', 'Numquam maiores nesciunt sit magnam. Et voluptate et impedit. Ad doloribus in dignissimos dolore sequi recusandae perferendis ipsa. Cumque excepturi rerum harum atque.', 116),
(154, 'Mante Burg', 'Expedita omnis alias id eligendi. Exercitationem laboriosam corporis pariatur laboriosam totam nostrum. Eum et quos nemo praesentium.', 223),
(155, 'Jacynthe Ramp', 'Repellendus consectetur ut nostrum doloribus enim. Fuga nemo sit repellendus nihil id.', 462),
(156, 'Christine Locks', 'Sapiente est blanditiis in velit. Quasi vero sed impedit voluptatem nesciunt sint non. Rem perferendis consequatur ea ut. Autem dolorem fuga enim ea doloremque. Et voluptatem consequatur labore.', 315),
(157, 'Jackson Drive', 'Eos ad est consectetur corrupti. Qui veniam rerum magni veritatis natus.', 290),
(158, 'Fadel Lock', 'Dolore sed iste sint assumenda incidunt laudantium eius. Non exercitationem veritatis aut nam enim quam. Tempore sit voluptatum culpa qui ea. Consequatur blanditiis dolores placeat delectus laborum eveniet sed debitis.', 8),
(159, 'Louisa Trail', 'Vel non in sed sint sed. Voluptatibus totam natus esse delectus aut quisquam pariatur. Sunt unde nihil labore voluptatem eveniet qui. Ut adipisci aperiam ullam explicabo soluta incidunt.', 211),
(160, 'Hettie Plain', 'Dolore beatae tempora officia esse. Doloribus officia quis ullam asperiores at ut deleniti. Aut illo et alias sint sit quidem perspiciatis.', 195),
(161, 'Gislason Mission', 'Eum est rerum totam omnis officiis. Dolore occaecati quis nam suscipit est.', 110),
(162, 'Rashawn Plains', 'Qui cupiditate quia sequi iste. Iure quia minus eius iusto. Corrupti sed optio laborum est.', 75),
(163, 'Kunde Estates', 'A inventore eligendi qui architecto est sunt at. Expedita fuga id ipsam repudiandae qui. Et rerum in laudantium omnis ut quasi.', 334),
(164, 'Harris Gateway', 'Quaerat odio ab explicabo. Aut quia quia sed esse sint. Qui accusantium non voluptate laborum quam aut.', 73),
(165, 'Lind Rue', 'Non repudiandae quod sed animi. Qui laborum deleniti dolor necessitatibus quos eius. Vel rerum voluptate mollitia quo. Sed exercitationem expedita dignissimos est rerum.', 257),
(166, 'Erdman Unions', 'Consequatur et voluptates ut qui quis porro sunt. Cumque quod expedita consequatur voluptate rerum. Fuga possimus perspiciatis nihil eos enim esse.', 488),
(167, 'Stephania Lake', 'Nostrum recusandae ut et qui molestiae repudiandae tempora. Eaque recusandae et nam sunt nesciunt.', 85),
(168, 'Brain Streets', 'Distinctio nostrum ipsam possimus impedit expedita asperiores. Numquam odit tempore rerum alias laborum et. Modi libero fugit inventore et aperiam. Suscipit consequatur dicta a qui porro qui rerum.', 290),
(169, 'Hattie Common', 'Voluptatibus voluptatem magnam esse consequatur nesciunt corrupti enim. Eum incidunt dolorem accusantium esse alias quaerat dolorum. Quae ut perspiciatis temporibus voluptate sequi nihil officia illum.', 27),
(170, 'Enoch Forges', 'Voluptate excepturi est ut sint. Autem consequatur fugit velit id qui nesciunt. Quam eveniet blanditiis provident provident dignissimos. Nisi itaque doloremque aut molestiae nam vitae vitae.', 104),
(171, 'Betty Knolls', 'Maiores porro deleniti asperiores iste. Placeat illum quisquam quia et fugit deleniti. Et quis eaque qui ut sit. Unde reiciendis corporis quod quisquam molestiae possimus.', 200),
(172, 'Marvin Stream', 'Enim nihil mollitia architecto ea animi rerum blanditiis. Reiciendis quis inventore expedita pariatur ratione. Voluptatem dolorem doloremque beatae molestias reiciendis dignissimos. Molestiae esse quasi quisquam aut veniam et dolorem libero. Libero nemo adipisci et voluptas ducimus.', 376),
(173, 'Josephine Crest', 'Molestiae cumque rerum numquam tempore cumque earum maiores. Ut vero velit quos sint repudiandae soluta earum. Impedit debitis possimus quae dolores magni. Voluptates laborum aliquid fuga eos in laboriosam rerum dicta.', 205),
(174, 'Aaron Islands', 'Est nihil quae impedit omnis veniam aut magni. Laudantium aut aut voluptas animi tenetur tempore. Dolor hic vel animi quia facere atque. Mollitia et doloremque adipisci tempore nemo et.', 247),
(175, 'Kovacek Island', 'Praesentium saepe pariatur ducimus ex odit magnam et. Eos in quos pariatur repellendus et et. Recusandae praesentium quidem itaque voluptatum ut occaecati debitis ducimus. Dolores eos ratione deleniti at dolores amet.', 224),
(176, 'Dejah River', 'Quis et quo et hic modi laudantium sint. Fuga esse nulla et doloremque eum. Necessitatibus fuga minima quas ipsa quaerat. Qui nobis qui inventore ipsam. Hic veniam ab atque soluta incidunt enim ipsa.', 63),
(177, 'Deontae Roads', 'Possimus ut rem iste esse. Est esse ut ipsum ducimus maxime laboriosam. Molestiae reprehenderit voluptatibus totam. Minima deleniti cumque expedita quae modi quia nam.', 136),
(178, 'Jalen Viaduct', 'Impedit voluptatem et quisquam hic nihil ad vitae consequuntur. Accusantium sit dignissimos magni quos. Nam similique placeat consectetur et.', 428),
(179, 'Nash Via', 'Laboriosam dignissimos eos eaque quisquam dolorum. Sunt sint ea sit. Rem accusamus voluptatibus rerum et et non.', 413),
(180, 'Satterfield Springs', 'Nihil corrupti beatae qui ut molestias quia nostrum. Fugiat nobis adipisci corrupti. Commodi sed provident placeat eaque. Eius ab similique recusandae nesciunt.', 18),
(181, 'Friesen Parkway', 'Quis omnis dicta dolores eveniet. Repellat velit atque earum consequatur occaecati.', 466),
(182, 'Winfield Crescent', 'Numquam ut ducimus assumenda. Ipsum et optio quia velit rerum labore dolorem illum. Quia sit eveniet quos dolores dicta. Illum eveniet officiis vel minima et praesentium ut. Minus omnis optio voluptas.', 135),
(183, 'Wuckert Port', 'Rerum quis velit non quia. Hic ad voluptas voluptatem sit. Quae doloremque quia sit nostrum et.', 162),
(184, 'Jarred Brook', 'Soluta quisquam libero laborum voluptatibus quisquam consequatur. Recusandae ut soluta rerum ut occaecati eum eligendi. Est explicabo et mollitia laudantium.', 251),
(185, 'Ortiz Union', 'Aut sint qui et distinctio quos. Assumenda laboriosam ea exercitationem doloribus voluptatem provident nihil voluptatem. Quasi excepturi aliquam omnis quo accusamus magnam amet. Laudantium autem tempora ipsam non vitae consequatur ea.', 308),
(186, 'Moen Stravenue', 'Corporis pariatur placeat ullam sequi ullam. Consequatur assumenda officia libero aut nobis. Assumenda et eaque commodi voluptas autem.', 233),
(187, 'Jermaine Island', 'Dicta doloremque repellendus molestiae consequatur cupiditate distinctio odio. Pariatur magni qui voluptates molestias ut iure. Tenetur iste ea facere. Aut est deleniti cumque temporibus aut enim dolore.', 286),
(188, 'Susan Burgs', 'Natus repellendus dolorem repellat magni. Expedita repudiandae atque id aut excepturi aut quaerat eius. Aspernatur esse dolores excepturi consequatur assumenda assumenda.', 149),
(189, 'Kaya Corners', 'Dolore sunt eum officia eum qui explicabo corporis. Minima ut similique est sint sunt impedit. Mollitia hic ullam sint consequatur unde qui corporis.', 455),
(190, 'Mraz Curve', 'Aut sequi eum iure harum voluptates. Enim dignissimos minima ipsam in dolor facilis molestiae. Tempore ab ratione rem sit veritatis officia nobis. Recusandae vel inventore blanditiis eos laborum. Accusamus id natus sit voluptatibus.', 24),
(191, 'Rolfson Ferry', 'Consequatur quis quidem et non aliquam similique voluptatem. Suscipit nobis ratione est accusantium enim.', 310),
(192, 'Cayla Flats', 'Deleniti et nulla eum facere nemo ducimus. Maiores voluptatem fugit omnis ut pariatur vero et. Deleniti laborum assumenda placeat.', 45),
(193, 'Raymundo Bypass', 'Omnis accusantium qui vitae omnis unde amet quae dolor. Aut et aspernatur magni eaque accusamus consequuntur quaerat. Praesentium itaque quam impedit mollitia aut qui.', 466),
(194, 'Wade Drives', 'Et consequatur temporibus dolorem fugit. Hic amet libero aliquam quae dolores. Voluptatum id nam delectus accusantium iusto ducimus. Incidunt cum qui et ea ratione voluptatum consequuntur.', 390),
(195, 'Wiegand Falls', 'Odit totam quo minus velit nobis consequuntur ut. Sapiente asperiores animi neque. Esse dolore animi ea hic sit. Laboriosam itaque qui id officiis corrupti vel. Dolores perspiciatis atque et aut quia ad iure.', 310),
(196, 'Jaleel Roads', 'Occaecati ut voluptatum delectus. Magnam vero odit aut accusamus.', 141),
(197, 'Walker Corners', 'Eos earum quia voluptas vel est voluptas laboriosam. Expedita omnis voluptatibus fugit eos earum et. Provident maxime culpa impedit eos eos ad in.', 348),
(198, 'Crona River', 'Consequatur quo debitis nam facilis. Libero a tempora similique aut et.', 394),
(199, 'Era Drives', 'Eos nobis culpa ea ex provident. Adipisci est repudiandae ratione vel quam reiciendis accusamus. Sit numquam voluptatem nulla eligendi quis.', 336),
(200, 'Robin Villages', 'Voluptate et facere in saepe quae quia. Reiciendis sit blanditiis expedita dolore nostrum. Ut et doloremque enim rerum est voluptate amet quos. Est aspernatur est maxime voluptatum quia quisquam voluptas facere.', 450),
(201, 'Sigrid Stravenue', 'Omnis adipisci vitae excepturi velit omnis. Assumenda illo animi praesentium. Quia aut consequatur et alias velit. Laborum debitis labore dolor incidunt sint.', 247),
(202, 'Morar Camp', 'Voluptas dolorem totam ex dolores voluptatem dolor. Quia ut ullam omnis voluptas veritatis ratione error. Provident nisi quia temporibus nemo aut accusamus.', 368),
(203, 'Kozey Loop', 'Tenetur earum laudantium voluptates aut consequuntur. Sed odit ut minus repudiandae et voluptate cum. Tenetur blanditiis in commodi hic molestias. Eligendi accusamus assumenda laborum praesentium laudantium corporis ratione.', 254),
(204, 'Kiarra Turnpike', 'Unde magni sequi officia facere aut minus. Nisi placeat occaecati consequatur quae molestias molestiae aliquid. Dolorum qui sit voluptatibus quo. Voluptatum facilis est consequatur a laudantium porro provident.', 18),
(205, 'Stoltenberg Isle', 'Et a ducimus molestiae ipsam explicabo. Molestias nemo qui vero et. Accusamus et veritatis autem rerum cupiditate.', 34),
(206, 'Zboncak Fords', 'Fugit aperiam in cum autem. Nobis corrupti accusamus quos veritatis similique quo repudiandae aut. Tempore illo asperiores saepe corrupti sed tempora quo eum.', 81),
(207, 'Fatima Square', 'Dolorem debitis culpa delectus omnis aut officia. Autem et animi voluptatem voluptates voluptas.', 428),
(208, 'Roberto Lodge', 'Et qui voluptatum et quos. Magnam fugiat magnam facilis iusto aut. Voluptatibus praesentium asperiores id alias.', 426),
(209, 'Gerson Neck', 'Quasi excepturi incidunt sed recusandae ea ad magnam corporis. Ullam eius velit nisi autem laboriosam deleniti impedit. Est est quasi aliquid reprehenderit quidem neque est.', 313),
(210, 'Becker Dale', 'Asperiores occaecati vel neque itaque incidunt. At commodi delectus et porro omnis ad est. Minima et error unde accusamus sit dicta.', 279),
(211, 'Madalyn Lakes', 'Harum alias laudantium aut numquam. Error placeat aspernatur cum repellat necessitatibus. Repudiandae non veniam rerum aut eaque ut.', 382),
(212, 'Lowell Ridge', 'Odio ut quos quaerat repudiandae. Commodi placeat tenetur suscipit nihil exercitationem est beatae.', 415),
(213, 'Reichert Ports', 'Doloribus id quas provident exercitationem qui pariatur perspiciatis delectus. At consequuntur in suscipit officiis omnis commodi. Voluptatem suscipit doloremque nobis nihil sint fuga aut. Eaque placeat quae excepturi sint iure.', 229),
(214, 'Considine Alley', 'Minima nisi quisquam temporibus praesentium nobis. Veritatis perspiciatis est alias reprehenderit. Unde fuga eos et sed corporis.', 250),
(215, 'Hane Points', 'Non qui recusandae voluptatum consequatur amet earum. Omnis facere quasi maiores. Et exercitationem qui assumenda exercitationem deserunt quo dolor.', 451),
(216, 'Legros Ville', 'Mollitia veniam qui eligendi magni eos in. Vitae voluptatem quis velit molestiae voluptate dolor. Quidem rerum aperiam beatae sit modi omnis quia culpa. Modi debitis autem ducimus ipsa voluptatem beatae et.', 195),
(217, 'Libbie Views', 'Totam sequi nostrum dolorem delectus dolorem sed impedit. Similique commodi quis eos odit expedita ea ut. Eos doloremque ipsum aliquam quo ullam sapiente.', 192),
(218, 'Bogan Track', 'Voluptates ratione iure suscipit ipsam voluptatem et voluptatem. Corporis ipsam quis est unde dolorum est ipsam. Ipsa incidunt fuga minima sint. Inventore fugiat sit consectetur ut ea.', 218),
(219, 'Roob Mission', 'Dolor repudiandae ut eos voluptatum unde qui ipsum. Aspernatur dolore consectetur magni magnam corrupti. Consequatur libero cum dolorem impedit. Excepturi vero quis temporibus ipsum et.', 55),
(220, 'Grimes Viaduct', 'Veritatis ad labore ut et. Sit animi consectetur at. Commodi voluptatem fugiat suscipit voluptatem et ratione et.', 385),
(221, 'Virginie Spur', 'Accusamus debitis praesentium minus molestiae voluptatum repudiandae est sunt. Dolores omnis illum ex voluptas quo aut magni numquam. Repudiandae ut quo deleniti magnam. Optio in non quae exercitationem quaerat iusto blanditiis.', 74),
(222, 'Vena Highway', 'Distinctio at officiis amet autem qui recusandae voluptatem quo. Libero quaerat sapiente at eligendi non id rerum suscipit. Ullam dolor est fugit vitae a qui. Et natus labore animi porro molestiae temporibus.', 336),
(223, 'Lavinia Vista', 'Exercitationem ex commodi omnis et et sit nemo. Similique distinctio enim veritatis sunt. Eaque culpa sit recusandae quibusdam mollitia sunt consequatur. Voluptas consequatur illo veniam.', 266),
(224, 'Eda Expressway', 'Voluptatum a est vel recusandae praesentium. Consequatur maxime dolores quia ratione sint. Dicta qui repellendus non fugiat.', 312),
(225, 'Frank Stream', 'Ea enim odit vitae dolorum excepturi. Velit sed ut laudantium minus ex tempora in harum. Et corrupti laboriosam nemo reiciendis at. Illo dolor ab exercitationem voluptas et ut et.', 472),
(226, 'Powlowski Throughway', 'Minima illo enim voluptatem harum ipsa numquam minus dolor. Omnis vel illo minima ipsa iure sunt. Officiis quis repellendus doloribus nulla nulla. Molestias et molestiae voluptas quia placeat. Quia dignissimos architecto quia nemo.', 327),
(227, 'Jensen Valley', 'Nemo et delectus beatae dicta fugit ea. Ad aliquid quod omnis hic facere. Velit aperiam omnis et eligendi eius autem aut. Iure et saepe rerum voluptatibus et.', 144),
(228, 'Little Underpass', 'Praesentium ab in doloremque quis in ratione harum. Voluptas qui vel voluptas fugit non consequatur qui. Tenetur eveniet dolor et quo autem veritatis sit.', 290),
(229, 'Cruickshank Forges', 'Nemo quis blanditiis debitis quae in maxime est. Et voluptatem quas odit consequatur corporis laboriosam laudantium. Deleniti accusamus sunt iure ex. Culpa officia sed doloremque iste in dolorum pariatur.', 54),
(230, 'Prohaska Wells', 'Ut incidunt esse ut dolorem perferendis modi. Aliquam esse sed magnam officia aut dolorum impedit. Deleniti magni repudiandae commodi odit magnam magnam aut. Dolor velit repellat quo voluptatem qui magnam quidem.', 399),
(231, 'Bergstrom Club', 'Quo qui ipsa saepe molestias qui voluptas. Consequatur nemo incidunt ea aspernatur exercitationem excepturi culpa. Sit cumque sit dolorem dolor corporis illum animi molestiae. Labore assumenda omnis itaque. Voluptatem illo excepturi porro quasi magnam qui.', 343),
(232, 'Reichel Mission', 'Ad soluta architecto quos qui qui sequi dolores. Occaecati dolor magni qui quaerat sit. Quia fugiat voluptas nostrum amet sunt tempora. Reprehenderit sunt sit excepturi temporibus repellendus.', 319),
(233, 'Keebler Port', 'Voluptas quia quas delectus sapiente. Sit fuga aspernatur enim porro eum quo. A autem soluta placeat explicabo ad consectetur. Mollitia expedita consequatur soluta incidunt eum explicabo.', 348),
(234, 'Lehner Unions', 'Pariatur deserunt cupiditate quibusdam eligendi nemo id ipsum qui. Consequatur nihil quas quos rerum sit a. Placeat maxime explicabo animi quo impedit.', 384),
(235, 'Upton Inlet', 'Vel dolorum optio quibusdam est eum. Nesciunt atque incidunt aspernatur deleniti eveniet ut inventore. Ratione possimus officiis aut et nostrum explicabo.', 409),
(236, 'Denesik Station', 'Maxime odit saepe dicta quis magni voluptatem. Similique omnis autem dicta sunt. Sequi rem inventore ex suscipit. Reprehenderit ut eum impedit veritatis repudiandae optio. Harum pariatur recusandae nobis.', 483),
(237, 'Adaline Stravenue', 'Aut rerum eveniet voluptates id quaerat inventore. Qui consequatur necessitatibus fugit deleniti occaecati perferendis dolor dolor. Qui illo dolore eius ut exercitationem.', 174),
(238, 'Mitchell Mission', 'Aut aut consectetur culpa autem reprehenderit vel recusandae. Voluptatem voluptatum blanditiis atque assumenda incidunt minus. Qui sequi neque similique reiciendis recusandae optio. Voluptas sint et et dolores.', 211),
(239, 'Furman Fields', 'Et cupiditate perspiciatis vel. Facilis impedit eius voluptatibus illum.', 462),
(240, 'Fernando Junctions', 'Quam vero ipsam autem reiciendis omnis illo ut. Nihil explicabo nihil ut quis est. Et et veniam blanditiis saepe non eveniet.', 174),
(241, 'Cary View', 'Vel expedita eos dolorum repellendus doloremque. Impedit est quidem cumque officia beatae quia commodi. Maxime numquam nostrum aut magni.', 87),
(242, 'Quigley Lodge', 'Voluptatem omnis consequuntur voluptas accusamus perspiciatis officiis. Sed eligendi qui molestias blanditiis quibusdam minus et officiis. Voluptate ut et quidem earum. Ad non ullam maiores deleniti debitis placeat.', 190),
(243, 'Charlie Mountain', 'Velit quia dignissimos nisi. Quod natus aut qui illum. Voluptatem esse nisi delectus id fugiat laudantium sunt.', 160),
(244, 'Bria Extensions', 'Qui consequatur nihil quia architecto. Corporis quo rem earum doloremque vero veritatis omnis voluptatum. Et voluptatum ex pariatur ex.', 402),
(245, 'Cronin Trafficway', 'Recusandae eaque temporibus dolor a enim qui impedit quisquam. Eos asperiores iusto et accusantium nihil. Eos quis porro nemo ullam quae et odit.', 249),
(246, 'Jonathon Knoll', 'Rerum et sequi porro rem blanditiis. Expedita eum tenetur est nulla. Earum qui quis quis minus ut qui. Sint culpa voluptatum aut ratione dolor alias. Voluptas labore laborum quibusdam qui.', 334),
(247, 'Meghan Heights', 'Sint velit et labore nemo velit porro. Qui facere in ut est atque. Ipsa saepe quasi tempore cupiditate dicta mollitia molestiae. Quia recusandae ex accusantium ullam molestiae possimus. Et nostrum ullam deleniti officia provident molestiae quia harum.', 441),
(248, 'Kaci Shore', 'Fugit vel nemo quis voluptates. Iure in molestiae dignissimos perferendis et et sit. Itaque illo excepturi quo ratione. Aut voluptatem minima officiis et. Quas voluptatum dolor qui.', 373),
(249, 'Elenor Park', 'Nam architecto laborum aspernatur cum repudiandae quia rerum. Non voluptas eveniet consequatur ut suscipit mollitia eum voluptatibus. Deserunt et id qui quas blanditiis nobis ut voluptatem. Odio architecto ut ut mollitia et.', 181),
(250, 'Bernier Stream', 'Consequatur earum eum dolores est. Qui similique quis neque et ipsam aut voluptatem. Vero est assumenda minus beatae veniam consequatur quia et.', 231),
(251, 'Brown Village', 'Id placeat quia sint vitae voluptas perspiciatis maxime. Sapiente nesciunt quod natus blanditiis veritatis nulla. Consequatur adipisci et quo consequatur.', 140),
(252, 'Myah Field', 'Error temporibus commodi aspernatur molestiae. Et mollitia doloremque reprehenderit rerum. Sint expedita quod velit voluptate occaecati nisi. Cum aut est omnis aut.', 264),
(253, 'Langworth Union', 'Enim dolorum vitae sed. Qui nihil a vel odit id iure velit. Porro sint possimus delectus ut.', 157),
(254, 'Charles Stravenue', 'Quia voluptas voluptatem ut ullam. Esse similique ipsa qui voluptas. Est beatae omnis quis quam harum. Quidem vitae odio qui possimus iste repellendus.', 385),
(255, 'Jayne Cliffs', 'Qui tenetur ab voluptatem nemo nostrum. Iste et voluptatem labore cum est eveniet.', 197),
(256, 'Moore Land', 'Quia maiores eos alias est harum quibusdam. Nulla et officiis rerum totam atque. Quaerat veritatis nemo vel doloremque sequi corporis voluptatem.', 406),
(257, 'Powlowski Ranch', 'A sed molestiae sed quo. Quibusdam ut dicta dolore harum qui. Ex eius error eos quis.', 47),
(258, 'Reece Oval', 'Neque doloremque molestiae et. Nisi et iusto culpa nulla. Laborum consequuntur blanditiis maxime facilis velit. Magni occaecati quis esse consectetur aut.', 25),
(259, 'Cartwright Crest', 'Quasi in similique quia veniam. Asperiores sed dignissimos et perferendis maiores. Voluptates aut aut veritatis voluptas.', 82),
(260, 'Orlando Court', 'Neque accusamus sunt tempore vitae qui. Sit maxime enim doloremque cumque qui. Maxime expedita deserunt dolorem doloribus saepe consequatur et.', 48),
(261, 'Bertha Run', 'Doloremque accusantium maiores quia sapiente aut reprehenderit dolorum. Maxime est illum facere id voluptatum dolorem eius. Qui non nihil voluptatibus dolores consequatur.', 7),
(262, 'Beatty Drives', 'Ut hic alias voluptatem. In harum consequatur et expedita et. Quasi sed deserunt aut quam debitis est.', 297),
(263, 'Jast Orchard', 'Quis aliquam voluptates dolor odio. Libero magni qui laborum dolore eos laboriosam minus. Harum inventore autem est totam laudantium repellendus. Natus temporibus maxime commodi rem ut maxime iusto.', 476),
(264, 'Micheal Locks', 'Aliquid et a sequi nemo ad fuga. Sint voluptatum exercitationem a nesciunt vel voluptatum cum eos. Exercitationem et voluptatem hic sit beatae laudantium facilis. Molestiae ducimus deleniti maxime reprehenderit illo sint voluptatibus.', 299),
(265, 'Myrtie Via', 'Est minus sed praesentium temporibus facere error dignissimos. Unde sit et consequatur optio sequi animi. Ea repellat et ut non quasi.', 177),
(266, 'Lauretta Causeway', 'Cum ipsam corporis vero omnis repellendus corporis nesciunt. Illo beatae aut voluptas quos quis nemo fuga. Ducimus rerum ducimus beatae omnis sit.', 442),
(267, 'Lemke Turnpike', 'Necessitatibus rerum et ducimus consequuntur optio eum sint. Velit minima et et laboriosam. Modi commodi libero saepe.', 399);
INSERT INTO `produit` (`id`, `nom`, `description`, `prix`) VALUES
(268, 'Christina Parkway', 'Beatae est consequatur laudantium vel dolores at nisi. Sint minus aliquam laudantium et. Vitae tenetur tenetur qui tempore recusandae.', 425),
(269, 'Carleton Dale', 'Temporibus fuga qui consequuntur earum. Et qui beatae labore sit excepturi. Cum quibusdam aut tenetur explicabo. Facere omnis quasi tempora ullam.', 136),
(270, 'Morris Isle', 'Quia maxime rerum et neque eum. Dolores et placeat aut saepe vel aliquam fugit. Dolor natus totam architecto earum id. Ut quod ipsam iure nam iusto corrupti inventore.', 284),
(271, 'Auer Turnpike', 'Nam quia rem doloremque delectus vel iusto a. Quod aut beatae quia est voluptatibus eos. Rerum eius nesciunt cupiditate nesciunt sit.', 55),
(272, 'Rodriguez Cape', 'Corrupti temporibus minima quas ut distinctio non doloremque. Quo qui velit est. Et quis ipsam exercitationem sequi numquam quisquam.', 114),
(273, 'Crooks Via', 'Debitis qui voluptatem sed eaque magni autem. Voluptatem amet et aliquid sunt. Nulla doloribus minima perferendis animi ipsum tenetur.', 178),
(274, 'Blair Ville', 'Nemo minus eum numquam reprehenderit a et nesciunt. Deleniti laudantium velit dolor est magnam quis. Reprehenderit sit eligendi vel iure. Fugiat laudantium sapiente rerum dolor dolorem et quia.', 361),
(275, 'Nikita River', 'Enim sed eveniet minus qui. Optio qui quam quis praesentium ab quia culpa. Voluptas nulla voluptas voluptates quibusdam aliquam iste voluptas. Et dolorum reiciendis architecto consequuntur aut sapiente nostrum.', 429),
(276, 'Jadyn Harbors', 'Rerum non ut enim aut sequi veritatis. Qui aut soluta magni sint nihil ratione. Dolor et rerum omnis et eligendi qui laudantium.', 70),
(277, 'Polly Terrace', 'Voluptas sint quidem ut blanditiis. Enim vero est ut doloremque asperiores id quibusdam ullam. Ut ab nam rerum sed sunt accusantium. Minima tempore omnis error et.', 191),
(278, 'Norma Squares', 'Magnam dolores similique officia id magnam iste. Sapiente quia sed non. Sit voluptates rem sequi. Aliquam maxime non reprehenderit enim soluta.', 449),
(279, 'Marquardt Lodge', 'Ea laborum qui inventore dolorum odit. Repudiandae atque expedita quia nobis soluta veniam. Dignissimos vel quia repellat eum autem. Provident doloremque deleniti provident enim officia eveniet quo deserunt.', 323),
(280, 'Hamill Unions', 'Quam culpa excepturi ad aut. Magni consectetur pariatur et aut. Quibusdam sunt facilis aliquam facere sunt eos eligendi quod. Dolorum et velit enim dolorem numquam et aspernatur.', 416),
(281, 'Maiya Causeway', 'Adipisci aut similique consequatur est facilis. Voluptas rerum architecto commodi unde porro repellat et. Incidunt ratione perspiciatis harum eum ut. Amet libero et rerum.', 360),
(282, 'Roger Dale', 'Ut sed et quibusdam eos facilis. Qui quidem quae voluptatem vitae. Architecto quibusdam labore aut ad iure aut.', 118),
(283, 'Bethel Walks', 'Voluptatem minus quia facilis accusantium rem est perferendis. Sit ut rem reiciendis omnis expedita. Quisquam voluptate earum eos possimus repudiandae facilis. Consequatur aspernatur soluta est ut voluptas molestias porro.', 443),
(284, 'Jaylon Prairie', 'Aut autem omnis et nesciunt. Nulla sed atque quia aliquid. Natus quo eum et voluptatum aut quod. Est est eos dolores dolores deleniti autem labore. Voluptatem eos id aut distinctio et omnis.', 495),
(285, 'Mante Orchard', 'Quaerat expedita et tenetur deserunt porro quas. Perspiciatis numquam nobis aut est molestiae maxime. Aut praesentium libero at quisquam vel consequatur.', 227),
(286, 'Homenick Lodge', 'Dolores aperiam dicta porro qui molestiae in. Praesentium illo odio laudantium voluptas. Minus illum voluptatem ut ut cumque. Veritatis quibusdam ipsum aut non voluptas sed possimus.', 288),
(287, 'Stroman Manor', 'Et sed harum quam maiores. Natus voluptatem magnam molestias ea tenetur modi. Recusandae optio ut voluptatem mollitia repudiandae. In ab libero ad officia. Dicta quasi voluptate non quod omnis quo dolores.', 184),
(288, 'Shanahan Harbor', 'Enim veritatis rerum nihil nihil facilis quis vero. Quod consequatur in harum aut consequatur est et. Ipsum doloribus similique dolores ut impedit qui. Minima tenetur eaque est vel est soluta qui modi.', 414),
(289, 'Hickle Spur', 'Eos porro veritatis dolores. Ut sunt non ab molestias. Sit sint ut consequuntur voluptates quod sed.', 476),
(290, 'Gerhold Run', 'Beatae error laboriosam laborum qui. Magni autem non qui. Eos debitis assumenda laboriosam earum dolorum deleniti est.', 279),
(291, 'Ted Cliff', 'Vel nisi consectetur aliquam. Tenetur nostrum omnis consequatur est minus ipsa totam qui. Dignissimos soluta totam sint et id id. Deleniti deleniti voluptatem exercitationem illo recusandae iure fugiat. Hic ipsa ut sunt mollitia voluptas voluptate hic.', 391),
(292, 'Beahan Bypass', 'Corporis optio earum sunt omnis enim ut. Dolore officiis voluptatem eius provident. Accusamus beatae est voluptatibus ea.', 264),
(293, 'Vandervort Station', 'Omnis id quibusdam asperiores porro eius. Qui quia deserunt velit non a rerum. Quas optio non officia quia. Non est sint repellat est.', 214),
(294, 'Elvera Drives', 'Exercitationem ipsam atque provident animi et saepe. Molestias necessitatibus aut assumenda delectus perferendis et in. Dolores tempora impedit commodi maxime voluptas cumque nulla. Aliquam quam enim autem molestiae officiis neque.', 38),
(295, 'Gutmann Radial', 'Atque asperiores quod nesciunt quidem qui velit. Qui totam est libero repellendus inventore delectus velit. Tenetur est expedita beatae quia qui ut numquam. Quis dolorem rerum occaecati aut nulla.', 92),
(296, 'Garry Views', 'Delectus minima optio minima culpa nostrum. Nesciunt repudiandae aliquam sed sit atque suscipit. Doloremque quo vel id.', 111),
(297, 'Rosella Trail', 'Qui nihil est aut tenetur. Eos praesentium tempora nemo officiis. Fugit quia et sed illo.', 438),
(298, 'Joseph Plain', 'Quo odio ratione rerum adipisci odio. Omnis numquam a exercitationem perferendis quidem deleniti magni.', 120),
(299, 'Schiller Summit', 'Doloribus expedita qui nobis dolor quod est quibusdam. Consequatur nihil tempora incidunt ab praesentium. Ut est excepturi sapiente dolores accusamus.', 322),
(300, 'Jerde Fort', 'Qui qui delectus et necessitatibus eligendi repudiandae. Recusandae aut voluptatibus quaerat id eum omnis sit. Aliquam omnis deserunt suscipit quia minima beatae quod quibusdam. Maxime officia consequatur odio debitis minima illo ex. Dolorum dolorum praesentium ut.', 188),
(301, 'Lillian Bridge', 'Tenetur excepturi reiciendis ut voluptatem sed voluptas maiores. Quaerat omnis quia blanditiis vero rerum aut cupiditate. Id magnam eos corporis odio dolor voluptatem. Rem et quo corporis qui eos qui dolorem doloribus.', 229),
(302, 'Schulist Crossing', 'Nam vel eligendi sed eum vel reprehenderit velit. Sint similique ducimus non facilis natus commodi.', 35),
(303, 'Hermiston Lock', 'Atque doloribus est dolor repellat ratione. Eos repellendus temporibus veniam animi. Delectus quod omnis officiis ut. Suscipit distinctio et aut distinctio.', 430),
(304, 'Sadye Points', 'Fugit eum quidem eos assumenda ratione. Et ut aperiam eum molestiae velit quo voluptatem error. Sunt sint velit ut.', 64),
(305, 'Stephanie Trail', 'Labore voluptatem nihil perferendis et. Nihil cupiditate occaecati laborum libero eum nihil sit. Quo et impedit vel animi labore. Perspiciatis consequatur nostrum tempora fugiat doloribus.', 87),
(306, 'Mertz Club', 'Ipsam ut rem in veritatis ex. Vel omnis repellendus perspiciatis tempore quo.', 468),
(307, 'Rath Trail', 'Rerum autem et est ex autem. Doloremque doloremque adipisci eveniet animi.', 269),
(308, 'Jaclyn Villages', 'Et eligendi expedita ipsam quo ad facere. Et reprehenderit hic voluptas blanditiis voluptatem sequi. Vel maiores provident blanditiis dolores.', 239),
(309, 'Jacynthe Springs', 'Itaque libero asperiores non magni illum esse. Voluptas saepe error libero id natus. Provident excepturi qui non.', 398),
(310, 'Hartmann Mission', 'Vero iste rerum vel. Optio nisi a temporibus vel. Amet porro similique sint a occaecati. Sint repudiandae voluptas repellendus aut et et.', 255),
(311, 'Celine Gardens', 'Cupiditate consequatur veritatis voluptatem natus. Voluptatem voluptate nesciunt molestias quia cum. Saepe deserunt eius qui nihil porro culpa. Quos est veniam quibusdam quasi quia.', 212),
(312, 'Watsica Via', 'Sunt ratione culpa qui. Exercitationem facere rerum ab inventore quia accusantium cumque. Sunt earum magnam est.', 65),
(313, 'Raegan Centers', 'Est voluptatibus hic quae laboriosam ratione accusamus. Consectetur unde molestiae facere. Sunt et reprehenderit vitae vitae fugit deleniti deserunt.', 51),
(314, 'Elvie Streets', 'Accusantium cupiditate doloribus est. Consequuntur et similique expedita saepe distinctio. Dolorum ipsam totam aliquid accusamus minus dolores in. Qui illum aut dolor quia voluptatem magni.', 81),
(315, 'Waelchi Loop', 'Commodi earum at corporis quaerat deleniti minus. Est nihil voluptatum quam. Sint sed commodi nihil assumenda. Maiores et inventore qui ratione qui.', 152),
(316, 'Eloise Pike', 'Quisquam mollitia adipisci impedit explicabo omnis non aut. Tenetur commodi voluptatem aliquid dicta veniam asperiores et. Voluptas eos ratione illum mollitia qui natus. Consequatur vero commodi praesentium non ea possimus est.', 411),
(317, 'Murazik Crossing', 'Nam est architecto incidunt optio. Totam facere quis id ipsam quibusdam mollitia.', 146),
(318, 'Rosetta View', 'Repellat perferendis omnis tenetur tempore placeat ipsa. Consequuntur sit cumque aliquid enim et assumenda. Laboriosam laborum accusamus expedita nesciunt cum eligendi. Ut dolorum nam et et nostrum maxime laborum et.', 243),
(319, 'Lind Inlet', 'Iste incidunt dolor debitis at. Vero repudiandae perferendis omnis harum temporibus. Eligendi excepturi dolorum est iusto ipsum itaque magni perferendis.', 224),
(320, 'Hoeger Forges', 'Tenetur ea culpa aut ea et. Quaerat tempora voluptas earum sequi sint velit debitis fugiat. Rem eos perspiciatis corporis autem assumenda.', 61),
(321, 'Pfeffer Burgs', 'Facere perferendis dolores est. Culpa dolor ea quia qui et. Eaque et consequatur soluta. Deserunt eius adipisci iusto.', 387),
(322, 'Bernie Meadow', 'Repellat modi dicta quam. Doloribus ut quia quia quod. Voluptas laborum odit harum odit qui sit error.', 282),
(323, 'Roob River', 'Est sapiente officiis ut. Consequuntur enim cumque aut eos sequi autem.', 179),
(324, 'Sammy Vista', 'Accusantium nihil et non doloremque sint. Voluptatem repudiandae qui neque quis sint sapiente. Et distinctio natus sed quo et vel.', 315),
(325, 'Jones Camp', 'Quia recusandae repellat aliquid reprehenderit. Ducimus et occaecati quidem officiis unde adipisci optio. Nihil repudiandae voluptates error nobis rerum aut distinctio voluptatem. Magnam quia saepe at dolores eaque.', 291),
(326, 'Streich Stravenue', 'Dolores dolor consequatur voluptates et tempora. Atque itaque doloremque corporis distinctio omnis.', 222),
(327, 'Homenick Branch', 'Quia non ad deleniti sint distinctio repellat ullam. Possimus sint soluta qui cupiditate laboriosam soluta. Et excepturi sed sit blanditiis. Dolorem ut quisquam aut ad non laboriosam et sit.', 152),
(328, 'Ludie Alley', 'Itaque quia ullam ea consequatur. Velit asperiores aut eos qui. Explicabo et earum maiores odit architecto molestiae fugiat.', 244),
(329, 'Modesta Inlet', 'Explicabo officia vel dicta et placeat in cupiditate. Necessitatibus velit pariatur veritatis suscipit ducimus. Quibusdam ipsa sunt aut odio qui dolores et necessitatibus. Perferendis iusto nostrum minus quaerat reiciendis in minima.', 453),
(330, 'Rolfson Grove', 'Qui doloremque provident nostrum quaerat. Harum eligendi voluptatum assumenda dolores. Quaerat illum perspiciatis qui qui voluptatum. Et sint aut vitae sunt occaecati et id.', 14),
(331, 'Reina Divide', 'Vero corrupti accusantium dolores amet animi possimus porro. Voluptatibus earum alias qui est nemo. Nihil nisi aut numquam incidunt. Qui dolor ut neque dolores.', 454),
(332, 'Ondricka Views', 'Aut nobis aut illum voluptatum. Laboriosam aliquam ea repellat rem officia porro.', 456),
(333, 'Alden Plain', 'Quidem reiciendis molestiae sit id. Possimus deserunt dolores placeat eveniet accusamus voluptatem consequatur. Accusamus est dicta fugiat dolor.', 325),
(334, 'Okuneva Club', 'Dolorem inventore itaque facilis repellat nostrum. Est minima hic ea maxime. Eos rem eligendi voluptas asperiores modi accusamus. Recusandae nihil incidunt facere beatae modi voluptas illo.', 478),
(335, 'Kendra Ford', 'Necessitatibus consectetur illo itaque enim optio aperiam. Consectetur est distinctio cupiditate est aut consequatur.', 475),
(336, 'Aditya Mountains', 'Praesentium voluptate odio voluptatem quia dicta. Autem facilis reiciendis hic aspernatur similique. Beatae voluptates eius velit ut. Est ut animi ut iure odit.', 285),
(337, 'Mason Shore', 'Eum consequatur dolorem temporibus. Beatae laborum eaque id possimus nobis minus.', 171),
(338, 'Ortiz Corner', 'Ex eum assumenda voluptatem in minus tempora. Enim quia natus temporibus unde quidem repellendus et. Quasi earum et cumque.', 14),
(339, 'Ullrich Stream', 'Quibusdam necessitatibus alias quis sint. Quaerat sint et eum id quia. Sint neque iusto vero culpa unde.', 134),
(340, 'Grayson Park', 'Consequatur ullam aperiam repudiandae. Ea porro porro veniam odio. Quae nihil autem quisquam. Animi repellendus totam et perspiciatis.', 411),
(341, 'Cormier Cliff', 'Vel consectetur ipsa dolore sed facilis repudiandae. Fugit tenetur quidem voluptate nam tenetur cumque id ullam. Et voluptatibus accusantium veniam quo nisi ducimus et. Cupiditate veritatis possimus qui suscipit eum odit. Saepe tenetur et corrupti omnis.', 495),
(342, 'Autumn Point', 'Provident harum soluta fugiat deserunt quia. Quia placeat ullam ipsam cum pariatur sit at nam. Sint ea et possimus hic repudiandae occaecati quam.', 465),
(343, 'Shields Track', 'Placeat excepturi at quis atque. Consequatur ullam maxime ut laborum laborum est enim. Placeat debitis consequatur rem ea.', 68),
(344, 'Wade Village', 'Neque dolores recusandae molestiae. Et voluptatem et culpa dolor. Expedita et et nisi facilis vel inventore id.', 285),
(345, 'Schaefer Crescent', 'Dolorem et omnis vitae ducimus voluptas tempora. Cum at et aut et tenetur sit. Earum eum est eum.', 131),
(346, 'Evelyn Lodge', 'Facere eaque rerum porro fugiat repellendus aliquam itaque. Qui eos ratione nisi. Omnis rerum atque et sapiente ut consequatur neque. Vitae esse ut est odio excepturi.', 181),
(347, 'Russel Mill', 'Autem adipisci sed explicabo officia placeat voluptatum quo. Possimus voluptatibus consequuntur harum odit. Dolore numquam ut aut repellendus soluta. Sit nisi nulla rerum eos.', 352),
(348, 'Nienow Harbors', 'Et rem itaque sequi incidunt nemo et nobis. Maiores et at voluptatem deleniti assumenda. Ipsum quod eaque non ea ratione atque. Ea nobis delectus id asperiores expedita eum. Praesentium perspiciatis ut omnis quam.', 241),
(349, 'Lukas Plaza', 'Et eligendi ipsum iure repellat recusandae. Accusantium voluptate sit impedit beatae sit enim ea. Quo suscipit est ea. Sint voluptates qui autem sequi quaerat et recusandae.', 253),
(350, 'Ernest Green', 'Dolorem sed quibusdam eligendi id maxime. Nostrum totam voluptatem officia earum in ab nobis. Numquam quibusdam rerum suscipit quidem doloribus dignissimos culpa. Harum nostrum suscipit hic sed.', 483),
(351, 'Misael Ports', 'Sint earum quidem molestias aliquam aut quia. Voluptatem eligendi atque beatae asperiores eos.', 55),
(352, 'Hollie Avenue', 'Nihil odio consectetur accusantium beatae laborum tenetur officia. Illo adipisci sequi est ut. Velit voluptatum est maxime error. Est quaerat impedit aliquid consequatur.', 42),
(353, 'Spencer Fork', 'Esse id doloribus ut quia. Quasi ut a cum. Ipsam et tempora amet. Modi optio sequi omnis rem molestias.', 426),
(354, 'O\'Conner Extension', 'Sed nesciunt eum quisquam rerum omnis. Qui aspernatur neque et atque odit eligendi. Illo non velit qui.', 158),
(355, 'Kellie Forge', 'Dolore ut et quia magni illo sequi sint et. Rerum exercitationem saepe fuga totam quas odio.', 322),
(356, 'Krystina Forge', 'Odit voluptas et et voluptatibus quibusdam. Et et autem et. Vel delectus nobis a voluptas vel suscipit. Id ducimus perspiciatis laborum corporis reiciendis est dolorum iure. Provident nobis autem quis omnis odit.', 268),
(357, 'Konopelski Stravenue', 'Sapiente veniam tenetur excepturi suscipit enim dolorum. Sint omnis saepe quis et. Libero sit aut nulla dolorem omnis fugiat officiis. Quo soluta est quia quis totam.', 202),
(358, 'Hagenes Vista', 'Praesentium magnam velit necessitatibus porro. Nam unde praesentium sed illo aut aliquam aliquam.', 227),
(359, 'Halvorson Squares', 'Ut enim qui placeat non sapiente. Occaecati cupiditate quidem sed. Consequatur molestiae dolorem qui facere rerum mollitia dignissimos. Facilis hic autem at eligendi sed.', 202),
(360, 'Melyssa Forges', 'Illo unde ullam voluptate. Cumque qui est eius eaque et sunt id sed. Beatae perspiciatis eum qui qui error corrupti. Eveniet rerum voluptatem vel ea quibusdam porro assumenda.', 295),
(361, 'O\'Conner Prairie', 'Quam qui voluptatem esse ea. Incidunt laboriosam accusantium sit enim. Enim optio dignissimos laboriosam quia consequuntur.', 260),
(362, 'Keebler Glen', 'Laboriosam dignissimos qui voluptatem aut suscipit soluta in. Asperiores vel et sit est rerum. Quod quas ea velit enim eum. Itaque et animi sunt consequatur consequuntur et.', 140),
(363, 'Padberg Island', 'Molestiae et sint optio quam perferendis rem. Qui laudantium nesciunt atque at atque quia eos.', 109),
(364, 'Noemi Ridge', 'Culpa sit odit incidunt molestiae provident iure voluptatem. Voluptatem in ut quaerat vitae necessitatibus. Temporibus sed saepe sint sapiente et tenetur.', 6),
(365, 'Legros Heights', 'Sit et ut consequuntur vitae quam est. Magnam quia impedit eaque ut. Nobis ut alias consectetur ut. Quaerat pariatur consequatur velit cumque illum.', 348),
(366, 'Yolanda Estate', 'Veritatis quas corporis sit eveniet. Consequatur eius omnis impedit deleniti. Sit quam enim laborum repellendus. Similique corrupti velit magnam dolor fugiat sit aliquid.', 303),
(367, 'Rasheed Valleys', 'Tempore illum ad iste beatae amet. Fugiat esse modi voluptatem modi aut non dolor consequatur. Velit et harum veritatis quae sit omnis ab iure. Aliquam blanditiis reiciendis commodi optio.', 20),
(368, 'Nicolas Trail', 'Id officiis voluptatem iusto aut velit facilis. Illo recusandae at aut qui voluptas rerum quia. Rem rerum corrupti a quidem ratione.', 403),
(369, 'Jazlyn Walk', 'Ad odit deserunt dicta error tempora et officia eaque. Enim sit culpa ab voluptatem quia. Cupiditate exercitationem itaque eveniet est aut consequatur in.', 304),
(370, 'Garfield Cliffs', 'Quidem enim laboriosam eum consequuntur modi qui. Earum eos maiores omnis repellendus quis quia. Accusantium laudantium voluptates excepturi qui et. Facere optio enim quia libero. Dolores id sed et odio non.', 231),
(371, 'Kaylah Shore', 'Sapiente natus fugit hic dolor tempore voluptas. Quo dolorum laudantium quos et ex necessitatibus sapiente. Doloremque iusto quia et dolorem labore ratione aut omnis.', 84),
(372, 'McLaughlin Mews', 'Officia sed tenetur et eveniet rerum sunt accusantium. Qui eum voluptates est consequuntur voluptatem aliquam minus. Quaerat eligendi sed dolores accusamus. Laborum quam aut et ut reiciendis.', 419),
(373, 'Konopelski Mission', 'Ut magnam distinctio sed velit nisi. Autem illum quos quod provident placeat reiciendis aut. Quasi quos id facilis fugiat rerum. Voluptatem animi est tempora quidem fuga.', 312),
(374, 'O\'Reilly Forks', 'Officia sit ducimus quae incidunt iusto qui. Laborum porro ut sapiente est atque quas sint rerum. Quis molestiae enim quis est doloribus eos.', 173),
(375, 'Wiegand Path', 'Velit qui rerum blanditiis nobis sed vel ut nam. Possimus sapiente facilis error qui. Aut odit et debitis quisquam et adipisci excepturi. Quia quia ea excepturi voluptatum sint.', 66),
(376, 'Christiana Springs', 'Atque at explicabo eos et. Et molestias laboriosam error sapiente. Ipsa dolor saepe et. Sed facilis omnis ut quae illum cum accusamus. Commodi sit tempora aut omnis quibusdam debitis nesciunt numquam.', 489),
(377, 'Towne Valleys', 'Quo odit ad veritatis reprehenderit. Corrupti et minus et reiciendis reiciendis. Dolore ut vel ullam ducimus assumenda dignissimos asperiores. In voluptatem nulla et consequatur. Aperiam autem quae incidunt ipsa qui doloribus.', 466),
(378, 'Devon Estates', 'Et nulla mollitia maiores laudantium nihil est adipisci quam. Libero quas labore corrupti omnis ut voluptatum. Eius accusantium debitis consectetur mollitia fuga illum. Pariatur enim eius et labore.', 197),
(379, 'Gerlach Shoal', 'Rem omnis et non id voluptatem minima atque. Est et sit harum aliquam odit est voluptatem. Voluptatem libero quasi necessitatibus sunt dolor ipsam nostrum. Est et quia consequatur consequuntur. Eius in quo amet odio quibusdam placeat dolor.', 361),
(380, 'Sam Hill', 'Dolores et et quasi architecto dolor reiciendis recusandae. Amet consequatur consequuntur velit quibusdam molestias adipisci assumenda. Aut sint aut qui aut praesentium. Odio expedita voluptatibus voluptatum enim eos consequatur.', 272),
(381, 'Roger Mission', 'Consectetur facilis qui officia nihil eveniet. Veniam alias voluptatem facilis culpa enim voluptatem id. Excepturi vel fugit id reprehenderit. Et amet aut quae sit.', 297),
(382, 'Olin Walks', 'Consequatur similique voluptates at fuga. Fugit consequuntur rerum nesciunt ea totam velit asperiores. Sint quam animi quod rerum aut. Aperiam voluptatum aliquam voluptate nam blanditiis.', 450),
(383, 'Ulices Skyway', 'Est quod sed consequatur velit dolor quo. Velit maiores eius quia dolorem. Vel nulla magnam sint dolores voluptatem non rerum explicabo. Sequi repellat perspiciatis corrupti rerum totam qui.', 30),
(384, 'Loren Ville', 'Similique eaque dolores et minus perspiciatis. Voluptas rerum iure labore tempore adipisci quidem asperiores. Dolor et voluptatem vero.', 424),
(385, 'Kulas Station', 'Consequuntur nobis sit ut sit. Repellendus occaecati rem ad soluta ea explicabo. Qui nostrum in debitis accusantium corporis. Quod sint eos quis quas dolor tenetur voluptatem.', 173),
(386, 'Gislason Mountains', 'Qui nemo sit nihil doloremque asperiores et voluptatem modi. Eum consequatur est quasi quas odit. Fugiat sunt fugiat et exercitationem nostrum. Tempore est ut repellendus quam nihil.', 40),
(387, 'Carmella Shoals', 'Quis perspiciatis fugiat ex quia expedita repudiandae. Aut delectus eum ex iste ut nulla. Sunt natus ut non assumenda sint.', 456),
(388, 'Skye Court', 'Ut consequatur consequatur dolor eum. Facere voluptatibus blanditiis debitis. Assumenda neque incidunt quis quod. Accusantium blanditiis occaecati dolorem.', 82),
(389, 'Conroy Stream', 'Accusantium aperiam qui impedit accusantium amet modi. Fugit voluptatum aut nobis repellendus quas deleniti. Sint quo cumque quam voluptate id eaque.', 256),
(390, 'Doyle Avenue', 'Expedita et libero unde itaque est. Voluptatem eos et fuga. Distinctio eum est fuga quaerat. Deleniti aliquam consequatur dolor ipsam vel.', 134),
(391, 'Gerhold Path', 'Ratione qui ipsam voluptas atque pariatur consectetur. Earum molestiae repellendus quis autem vitae blanditiis. Natus cupiditate iusto aliquid molestiae quaerat eaque impedit. Reiciendis iste qui omnis numquam quia.', 201),
(392, 'Roxanne Walks', 'Ullam qui velit similique sunt rerum quibusdam. Odit ducimus ut et. Et non minus mollitia cumque. Accusamus in ex architecto perspiciatis omnis. Dolorum fuga natus iste asperiores occaecati.', 304),
(393, 'Jeffrey Ports', 'Amet ipsum quibusdam et qui. Quibusdam quia laboriosam quod odio aut sunt fugit. Provident dolor eos laboriosam qui aut dolorem omnis odit.', 281),
(394, 'Klocko Lock', 'Tempore qui consequatur est sint repellendus. Nam quis deserunt excepturi autem soluta ullam harum.', 243),
(395, 'Douglas Gateway', 'Voluptas esse possimus nihil ducimus minima adipisci corporis. Molestias illo consequatur quam consequuntur ut consequuntur.', 424),
(396, 'Carmine Grove', 'Enim nam laborum qui recusandae voluptatem consequuntur perferendis. Neque harum sint quod aut cumque qui. Dolor vero nesciunt nobis voluptas qui ut. Ad molestiae velit et maxime modi. Corporis itaque possimus quia adipisci eveniet ut sed.', 9),
(397, 'Shanahan Pass', 'Aliquid voluptatibus provident officiis quia unde. Recusandae omnis ea consequatur impedit. Esse ullam blanditiis voluptates non assumenda. Saepe molestiae delectus sed distinctio consequatur enim.', 311),
(398, 'Schaden Dale', 'Qui alias enim et in voluptatibus nihil sint. Sint et consequatur molestiae sed veniam harum. Nihil harum ipsum nulla consequatur magni.', 284),
(399, 'Larue Meadow', 'Et vel eos aliquam sit. Quasi hic facere a commodi. Incidunt ut aut sunt qui cumque iusto sunt. Quaerat et corrupti natus non et doloremque ut.', 378),
(400, 'Cassin Haven', 'Hic corporis odit iure eligendi libero. Sit cupiditate alias hic culpa necessitatibus in odio. Culpa nulla sit neque aperiam libero provident. Libero tempora doloribus qui quo omnis praesentium culpa.', 53);

--
-- Index pour les tables déchargées
--

--
-- Index pour la table `adresse`
--
ALTER TABLE `adresse`
  ADD PRIMARY KEY (`id`),
  ADD KEY `fk_clientId_adresse` (`clientId`);

--
-- Index pour la table `client`
--
ALTER TABLE `client`
  ADD PRIMARY KEY (`id`);

--
-- Index pour la table `commander`
--
ALTER TABLE `commander`
  ADD PRIMARY KEY (`idProduit`,`idClient`,`date`),
  ADD KEY `fk_idClient` (`idClient`);

--
-- Index pour la table `contact`
--
ALTER TABLE `contact`
  ADD PRIMARY KEY (`idcontact`),
  ADD KEY `FK_CONTACT_CLIENT` (`idclient`);

--
-- Index pour la table `produit`
--
ALTER TABLE `produit`
  ADD PRIMARY KEY (`id`);

--
-- AUTO_INCREMENT pour les tables déchargées
--

--
-- AUTO_INCREMENT pour la table `adresse`
--
ALTER TABLE `adresse`
  MODIFY `id` int(11) NOT NULL AUTO_INCREMENT, AUTO_INCREMENT=501;

--
-- AUTO_INCREMENT pour la table `client`
--
ALTER TABLE `client`
  MODIFY `id` int(11) NOT NULL AUTO_INCREMENT, AUTO_INCREMENT=1001;

--
-- AUTO_INCREMENT pour la table `contact`
--
ALTER TABLE `contact`
  MODIFY `idcontact` int(11) NOT NULL AUTO_INCREMENT, AUTO_INCREMENT=3;

--
-- AUTO_INCREMENT pour la table `produit`
--
ALTER TABLE `produit`
  MODIFY `id` int(11) NOT NULL AUTO_INCREMENT, AUTO_INCREMENT=401;

--
-- Contraintes pour les tables déchargées
--

--
-- Contraintes pour la table `adresse`
--
ALTER TABLE `adresse`
  ADD CONSTRAINT `fk_clientId_adresse` FOREIGN KEY (`clientId`) REFERENCES `client` (`id`) ON DELETE CASCADE ON UPDATE CASCADE;

--
-- Contraintes pour la table `commander`
--
ALTER TABLE `commander`
  ADD CONSTRAINT `fk_idClient` FOREIGN KEY (`idClient`) REFERENCES `client` (`id`) ON DELETE CASCADE ON UPDATE CASCADE,
  ADD CONSTRAINT `fk_idProduit` FOREIGN KEY (`idProduit`) REFERENCES `produit` (`id`) ON DELETE CASCADE ON UPDATE CASCADE;

--
-- Contraintes pour la table `contact`
--
ALTER TABLE `contact`
  ADD CONSTRAINT `FK_CONTACT_CLIENT` FOREIGN KEY (`idclient`) REFERENCES `client` (`id`) ON DELETE CASCADE ON UPDATE CASCADE;
COMMIT;

/*!40101 SET CHARACTER_SET_CLIENT=@OLD_CHARACTER_SET_CLIENT */;
/*!40101 SET CHARACTER_SET_RESULTS=@OLD_CHARACTER_SET_RESULTS */;
/*!40101 SET COLLATION_CONNECTION=@OLD_COLLATION_CONNECTION */;
